Name,Name2,Team,Season,Minutes,Primary Position,Goals & Pen Goals,Non Penalty Goals,Non Penalty xG,Non Penalty xG/Shot,Non Penalty Shots,Goal Conv%,Shooting%,Shot Touch%,Penalty Conv%,Non Penalty PSxG,Assists,xG Assisted,Key Passes,Open Play Assists,Open Play xG Assisted,Open Play Key Passes,Set Piece Assists,Set Piece xG Assisted,Set Piece Key Passes,Scoring Contribution,Non Penalty xG & xG Assisted,Shots & Key Passes,O/U Performance,Dribbles,Successful Dribbles,Failed Dribbles,Dribble%,Fouls Won,Penalty Wins,Dispossessed,Turnovers,Interceptions,PAdj Interceptions,Clearances,PAdj Clearances,Defensive Actions,Aggressive Actions,Blocks/Shot,Defensive Regains,Def Action Dist,Ball Recoveries,Ball Recoveries A½,Tackles,Tack&Int,Tackle/Dribble Past%,PAdj Tackles,PAdj Tack&Int,Fouls,Dribbles Stopped%,Dribbled Past,Aerial Win%,Aerial Wins,Errors,Pressures,PAdj Pressures,Pressure Regains,Counterpressures,Counterpress Regains,Average Pressure X,Pressures A½,Pressures A½%,Counterpressures A½,Counterpressures A½%,Yellow Cards,2nd Yellow Cards,Red Cards,Open Play Passes,Passing%,Long Balls,L/R Footedness%,Long Ball%,Pr. Long Balls,UPr. Long Balls,Passes Pressured%,Pr. Pass%,Pr. Pass% Dif.,Average Pass X,Deep Progressions,xGBuildup,xGChain,Carries,Carry%,Carry Length,Open Play Passes A⅓,Passes Into Box,Open Play Passes Into Box,Set Piece Passes Into Box,Passes Inside Box,Touches In Box,PinTin,Through Balls,Successful Box Cross%,Successful Crosses,Crossing%,Deep Completions,Pass Fwd%,Pass Sideways%,Pass Bwd%,Open Play Pass Fwd% A⅓,Open Play Pass Side% A⅓,Open Play Pass Bwd% A⅓,Pass Length,Pressured Pass Length,Pass Length Ratio,Pr. Pass Length%,Pr. Pass Length Dif.,Successful Pass Length,Successful Pressured Pass Length,Goals Conceded,Non Penalty PSxG Faced,Goals Saved Above Average,Save%,xSv%,Shot Stopping%,Non Penalty xG Faced,Shots Faced,Shots Faced OT%,Shots Faced,Positioning Error,Penalties Faced,Penalty Goals Conceded,GK Aggressive Dist,Claims%,Pass into Danger%,Pass into Pressure%,Positive Outcome,Positive Outcome%,Pass OBV,Dribble & Carry OBV,Defensive Action OBV,Shot OBV,Goalkeeper OBV,OBV,Image key
Adriana Lizbeth Meza Acosta,,Necaxa W,2026/2027,378,Portera,0,0,0,,0,,,0,,0,0,0,0,0,0,0,0,0,0,0,0,0,0,0,0,0,,0.48,0,0,0,0,0,0,0,0,0,0,13.35,3.20,5.48,0,0,0,,0,0,0,,0,,0,0,0,0,0,0,0,,0,,0,,0,0,0,16.45,47,7.39,13,30,0.95,23.84,6,33,-14,9.26,0.24,0.00,0.00,14.78,100,10.01,0.24,0,0,0,0,0,0,0,,0,,0,71,29,0,100,0,0,43.85,33.80,0.76,84,-10.05,33.18,28.43,3.81,3.14,-0.68,53,61,-8,2.85,8.11,39,20.98,2.12,0.24,0.24,13.69,-6,52,3,0.57,6,0.07,0.21,,,-0.92,-0.64,
Alejandría Godínez,,Monterrey W,2026/2027,101,Portera,0,0,0,,0,,,0,,0,0,0,0,0,0,0,0,0,0,0,0,0,0,0,0,0,,0,0,0,0,0,0,0,0,0,0,0,3.57,2.63,1.79,0,0,0,,0,0,0,,0,,0,0,0,0,0,0,0,,0,,0,,0,0,0,8.04,100,1.79,20,100,0,1.79,0,,,14.72,0,0.10,0.10,8.04,100,5.55,0,0,0,0,0,0,0,0,,0,,0,8,92,0,,,,24.58,,1.00,,,24.58,,0,0.14,0.14,100,84,16,0.20,0.89,17,5.36,1.83,0,0,18.26,-4,0,0,2.14,4,0.03,0.01,,,0.13,0.17,
Ana Zárate,,Atlético San Luis W,2026/2027,499,Portera,0,0,0,,0,,,0,,0,0,0,0,0,0,0,0,0,0,0,0,0,0,0.18,0.18,0,100,0.36,0,0,0,0,0,0,0,0,0,0,11.36,3.23,4.51,0,0,0,,0,0,0,,0,,0,0.18,0,0,0,0,0,,0,,0,,0,0,0,38.59,82,9.38,18,62,2.70,12.44,17,83,1,14.94,0.18,0.17,0.17,35.89,100,4.20,0.18,0,0,0,0,0,0,0,,0,,0,46,54,0,100,0,0,29.21,29.36,0.90,97,0.15,26.29,28.61,1.80,1.58,-0.22,64,69,-4,1.71,5.05,28,17.85,2.37,0.36,0.36,23.68,-4,20,5,2.47,12,0.03,0.08,0.02,,-0.63,-0.50,
Blanca Félix,,Guadalajara W,2026/2027,794,Portera,0,0,0,,0,,,0,,0,0,0.01,0.11,0,0.01,0.11,0,0,0,0,0.01,0.11,-0.01,0,0,0,,0.23,0,0,0,0,0,0.11,0.21,0,0,0,4.53,2.71,5.10,0,0,0,,0,0,0,,0,0,0,0.11,0,0,0,0,0,,0,,0,,0,0,0,27.42,86,3.97,26,52,1.59,6.12,6,63,-23,11.76,0.23,0.05,0.05,25.27,100,4.20,0.23,0,0,0,0,0,0,0,,0,,0,19,81,0,100,0,0,27.83,41.14,0.89,92,13.31,24.84,37.65,1.13,1.21,0.08,72,70,2,0.77,4.08,44,9.18,1.82,0.11,0.11,24.52,-2,11,1,1.20,6,-0.02,0.09,0.00,,-0.11,-0.05,
Bárbara del Real,,Tijuana W,2026/2027,798,Portera,0,0,0,,0,,,0,,0,0,0.00,0.11,0,0.00,0.11,0,0,0,0,0.00,0.11,0.00,0,0,0,,0.11,0,0,0,0,0,0,0,0.34,0.23,0,8.91,2.95,4.06,0,0,0,0,0,0,0.23,0,0.23,,0,0.11,0.11,0.12,0,0,0,8.70,0,0,0,,0,0,0,19.29,67,4.96,18,37,1.92,11.62,12,58,-9,12.46,0,0.10,0.11,17.26,100,7.33,0,0,0,0,0,0,0,0,,0,,0,45,55,0,,,,34.50,32.90,0.78,89,-1.61,26.89,29.39,2.03,1.85,-0.18,64,67,-3,1.50,5.64,43,12.97,2.22,0.45,0.34,17.76,-4,31,2,0.76,6,0.06,0.10,-0.08,,-0.49,-0.42,
Camila Vázquez,,Atlas W,2026/2027,483,Portera,0,0,0,,0,,,0,,0,0,0,0,0,0,0,0,0,0,0,0,0,0,0.37,0.37,0,100,0.56,0,0,0,0,0,0,0,0.37,0,0,8.38,3.36,4.28,0,0,0,0,0,0,0,50,0.19,,0,0,0.37,0.31,0,0,0,7.89,0,0,0,,0,0,0,37.06,81,7.82,17,47,2.79,13.78,12,81,0,12.63,0,0.03,0.03,35.57,100,5.13,0,0,0,0,0,0,0,0,,0,,0,37,63,0,,,,31.59,34.79,0.81,85,3.20,25.63,29.58,1.12,1.47,0.35,79,72,7,1.29,5.21,41,12.85,1.90,0.19,0.19,12.26,-9,21,6,1.19,10,0.03,0.15,,,0.30,0.47,
Cecilia Santiago,,Tigres UANL W,2026/2027,261,Portera,0,0,0,,0,,,0,,0,0,0,0,0,0,0,0,0,0,0,0,0,0,0,0,0,,0,0,0,0,0,0,0,0,0,0,0,6.90,2.16,2.76,0,0,0,,0,0,0,,0,,0,0,0,0,0,0,0,,0,,0,,0,0,0,21.38,89,5.86,32,65,1.38,7.59,11,60,-29,13.72,0.34,0.26,0.26,19.31,100,6.14,0.34,0,0,0,0,0,0,0,,0,,0,22,78,0,100,0,0,27.98,32.95,0.88,69,4.97,24.53,22.58,0.34,0.96,0.61,89,69,20,0.74,3.10,28,11.03,1.52,0,0,18.11,-2,12,3,0.48,2,0.01,0.06,,,0.57,0.64,
Celeste Maryel Espino Mendoza,,América W,2026/2027,494,Portera,0,0,0,,0,,,0,,0,0,0,0,0,0,0,0,0,0,0,0,0,0,0,0,0,,0.36,0,0,0,0,0,0,0,0,0,0,5.83,3.89,4.19,0,0,0,,0,0,0,,0,,0,0,0,0,0,0,0,,0,,0,,0,0,0,14.03,88,2.91,31,59,0.55,4.37,11,75,-13,12.00,0.18,0.07,0.07,13.11,100,5.91,0,0.18,0,0.18,0,0,0,0,0,0,,0,20,80,0,,,,27.31,29.00,0.86,83,1.69,23.44,23.98,0.91,0.81,-0.10,69,72,-3,0.70,2.91,33,8.74,2.71,0.18,0,22.14,-5,8,1,2.20,9,0.05,0.04,,,-0.07,0.01,
Daniela Sánchez,,Necaxa W,2026/2027,531,Portera,0,0,0,,0,,,0,,0,0,0,0,0,0,0,0,0,0,0,0,0,0,0.17,0.17,0,100,0.34,0,0,0,0,0,0,0,0,0,0,13.39,2.16,6.10,0,0,0,,0,0,0,,0,,0,0,0,0,0,0,0,,0,,0,,0,0,0,22.72,48,8.14,20,29,1.36,26.79,5,36,-12,13.13,0.68,0.01,0.01,21.70,100,9.55,0,0.17,0,0.17,0,0,0,0,0,0,,0,70,30,0,,,,43.31,41.91,0.73,76,-1.40,31.61,32.04,2.71,2.77,0.06,73,73,1,2.69,10.17,46,22.04,2.12,0.34,0.34,15.45,-5,45,1,1.19,14,0.05,0.10,,,-0.34,-0.18,
Dayra María Bustos Duarte,,Atlético San Luis W,2026/2027,399,Portera,0,0,0,,0,,,0,,0,0,0.00,0.23,0,0.00,0.23,0,0,0,0,0.00,0.23,0.00,0,0,0,,0,0,0,0,0,0,0,0,0.23,0,0,6.09,3.03,6.09,0,0,0,,0,0,0,,0,,0,0,0.23,0.12,0,0,0,18.53,0,0,0,,0,0,0,32.95,72,9.25,17,48,5.87,13.31,22,54,-18,13.17,0,0.21,0.21,29.79,100,6.03,0,0,0,0,0,0,0,0,,0,,0,48,52,0,,,,34.03,38.86,0.83,92,4.83,28.28,35.93,0.23,0.48,0.26,86,69,16,0.71,1.58,17,9.48,2.20,0.23,0.23,17.51,-6,21,3,2.01,11,0.05,0.14,,,0.19,0.38,
Emily Alvarado,,Juárez W,2026/2027,800,Portera,0,0,0,,0,,,0,,0,0,0,0,0,0,0,0,0,0,0,0,0,0,0,0,0,,0.11,0,0,0,0,0,0.11,0.14,0.11,0.11,0,5.29,3.24,4.84,0,0,0,0,0,0,0,0,0.11,,0,0,0.11,0.11,0,0,0,6.51,0,0,0,,0,0,0,18.34,82,3.60,12,47,0.67,7.09,9,85,3,9.94,0,0.03,0.03,17.55,100,5.70,0,0,0,0,0,0,0,0,,0,,0,27,73,0,,,,28.49,27.65,0.82,92,-0.84,23.25,25.39,0.45,0.51,0.06,86,84,2,0.80,3.26,34,9.67,1.94,0,0,14.20,-7,17,5,0.52,4,0.02,0.11,0.00,,0.03,0.17,
Esthefanny Barreras,,Pachuca W,2026/2027,878,Portera,0,0,0,,0,,,0,,0,0,0,0,0,0,0,0,0,0,0,0,0,0,0,0,0,,0,0,0,0,0,0,0.10,0.18,0,0,0,5.23,3.00,4.82,0,0,0,,0,0,0,,0,,0,0.10,0,0,0,0,0,,0,,0,,0,0,0,33.10,79,6.35,25,44,3.48,10.96,15,70,-9,13.97,0.20,0.26,0.26,29.82,100,5.37,0.10,0,0,0,0,0,0,0,,0,,0,35,65,0,100,0,0,30.35,34.05,0.80,86,3.70,24.22,29.25,1.02,1.46,0.43,76,66,10,1.06,4.30,47,9.22,2.12,0.20,0.20,21.05,-6,19,3,1.65,9,0.05,0.07,0.00,,0.33,0.45,
Hannia De Ávila,,Tigres UANL W,2026/2027,141,Portera,0,0,0,,0,,,0,,0,0,0,0,0,0,0,0,0,0,0,0,0,0,0,0,0,,0,0,0,0,0,0,0,0,0.64,0,0,8.32,1.62,5.76,0,0,0,,0,0,0.64,,0,,0,0,0,0,0,0,0,,0,,0,,0,0,0,13.44,92,3.20,19,63,1.92,3.20,10,75,-17,9.38,0,0.02,0.02,12.80,95,5.41,0,0,0,0,0,0,0,0,,0,,0,23,77,0,,,,24.60,41.59,0.88,87,16.99,21.73,36.35,0,0.52,0.52,100,80,20,1.10,2.56,17,14.72,1.89,0,0,9.35,-5,10,3,,,0.04,0.04,-0.02,,0.50,0.56,
Hilen Gallegos Jurado,,Juárez W,2026/2027,101,Portera,0,0,0,,0,,,0,,0,0,0,0,0,0,0,0,0,0,0,0,0,0,0,0,0,,0,0,0,0,0,0,0,0,0,0,0,0.90,1.69,2.69,0,0,0,,0,0,0,,0,,0,0,0,0,0,0,0,,0,,0,,0,0,0,6.27,100,0,29,,0,0,0,,,12.53,0,0.09,0.09,6.27,100,3.17,0,0,0,0,0,0,0,0,,0,,0,11,89,0,,,,19.57,,1.00,,,19.57,,0,0,0,0,0,,0.05,0,0,1.79,0.73,0,0,17.71,-11,0,0,1.25,4,0.01,0.03,,,0,0.04,
Itzel Alejandra Velasco Loza,,América W,2026/2027,290,Portera,0,0,0,,0,,,0,,0,0,0,0,0,0,0,0,0,0,0,0,0,0,0,0,0,,0,0,0,0,0,0,0,0,0.31,0,0,4.35,2.55,5.28,0,0,0,0,0,0,0,0,0.31,,0,0,0.31,0.52,0.31,0,0,6.04,0,0,0,,0,0,0,20.80,96,3.41,32,73,0.31,4.35,4,75,-21,11.58,0.31,1.19,1.19,18.00,100,3.03,0.31,0,0,0,0,0,0,0,,0,,0,15,85,0,100,0,0,23.00,24.79,0.95,80,1.79,21.76,19.83,0.31,0.76,0.45,89,73,16,1.34,2.79,36,7.76,1.92,0,0,22.66,-4,4,2,1.83,7,0.03,0.08,,,0.40,0.51,
Itzel González Rodríguez,,Tigres UANL W,2026/2027,499,Portera,0,0,0,,0,,,0,,0,0,0,0,0,0,0,0,0,0,0,0,0,0,0,0,0,,0.36,0,0,0,0,0,0,0,0,0,0,6.49,2.21,5.05,0.18,0,0,,0,0,0,,0,,0,0,0,0,0,0,0,,0,,0,,0,0,0,17.49,94,3.07,32,68,0.72,3.79,8,83,-11,12.10,0.18,0.30,0.30,14.61,100,4.82,0.18,0,0,0,0,0,0,0,,0,,0,20,80,0,0,100,0,23.50,27.06,0.91,88,3.56,21.32,23.81,1.44,1.03,-0.41,67,76,-9,0.74,4.33,42,10.28,1.65,0,0,22.59,-6,6,3,1.42,7,0.03,0.03,,,-0.48,-0.42,
Jashia López,,Pumas UNAM W,2026/2027,103,Portera,0,0,0,,0,,,0,,0,0,0,0,0,0,0,0,0,0,0,0,0,0,0,0,0,,0,0,0,0,0,0,0,0,0,0,0,4.38,2.77,2.63,0,0,0,,0,0,0,,0,,0,0,0,0,0,0,0,,0,,0,,0,0,0,16.64,92,3.50,5,67,1.75,3.50,12,67,-25,12.27,0.88,0.29,0.29,14.89,100,7.14,0,0,0,0,0,0,0,0,,0,,0,24,76,0,,,,26.75,36.36,0.93,91,9.61,24.85,33.01,0.88,0.48,-0.39,67,82,-15,0.79,2.63,38,7.01,2.61,0,0,13.26,-3,8,0,0.88,4,0.05,0.10,,,-0.41,-0.26,
Karla Ramírez,,Querétaro W,2026/2027,697,Portera,0,0,0,,0,,,0,,0,0,0,0,0,0,0,0,0,0,0,0,0,0,0,0,0,,0,0,0,0,0,0,0.13,0.15,0.26,0.13,0,8.65,3.04,6.07,0,0,0,,0,0,0,100,0,,0,0,0.26,0.23,0.26,0,0,10.50,0,0,0,,0.13,0,0,31.63,73,5.55,8,34,2.07,14.46,7,30,-43,13.26,0.26,0.11,0.11,28.53,100,6.49,0.13,0,0,0,0,0,0,0,,0,,0,33,67,0,100,0,0,31.46,37.22,0.78,69,5.76,24.48,25.78,1.94,1.84,-0.10,67,68,-2,1.36,5.81,43,13.43,2.32,0,0,18.35,-5,16,2,1.55,11,0.06,0.10,0.00,,-0.26,-0.09,
Karol Jannet Contreras Moreno,,Atlas W,2026/2027,395,Portera,0,0,0,,0,,,0,,0,0,0,0,0,0,0,0,0,0,0,0,0,0,0,0,0,,0.23,0,0,0,0,0,0,0,0.46,0.46,0,7.97,3.07,3.65,0,0,0,0,0,0,0.23,0,0.23,,0,0,0.23,0.25,0.23,0,0,7.75,0,0,0,,0,0,0,24.15,77,3.87,34,36,0.46,10.25,8,64,-13,11.38,0,0.13,0.13,22.33,100,5.06,0,0,0,0,0,0,0,0,,0,,0,33,67,0,,,,30.00,28.95,0.75,79,-1.05,22.53,22.73,2.05,1.61,-0.44,65,73,-7,1.40,5.92,42,14.13,2.19,0.46,0.23,16.80,-5,20,1,0.73,8,0.00,0.06,-0.14,,-0.47,-0.56,
Kathya Patricia Mendoza Sanchez,,Santos Laguna W,2026/2027,899,Portera,0,0,0,,0,,,0,,0,0,0,0,0,0,0,0,0,0,0,0,0,0,0,0,0,,0.10,0,0,0,0,0,0,0,0,0.10,0,9.81,1.97,4.10,0.10,0,0,0,0,0,0,0,0.20,,0,0,0,0,0,0,0,,0,,0,,0,0,0,14.22,67,5.51,24,40,1.50,12.11,8,57,-10,8.82,0.10,0.08,0.08,12.91,100,7.24,0.10,0,0,0,0,0,0,0,,0,,0,48,52,0,100,0,0,37.29,37.61,0.79,91,0.32,29.40,34.23,1.80,2.04,0.24,71,68,4,1.54,6.31,40,15.82,1.76,0.10,0.10,13.29,-4,26,2,0.97,8,0.03,0.09,,,-0.02,0.09,
Mar Montaño,,Pumas UNAM W,2026/2027,104,Portera,0,0,0,,0,,,0,,0,0,0,0,0,0,0,0,0,0,0,0,0,0,0,0,0,,0,0,0,0,0,0,0,0,0.87,0,0,13.03,2.97,5.21,0,0,0,0,0,0,0,0,0.87,,0,0.87,0.87,0.78,0.87,0.87,0.87,14.02,0,0,0,0,0,0,0,21.72,82,3.47,13,44,1.74,6.08,12,25,-57,13.73,0,0.09,0.09,21.72,100,7.72,0,0,0,0,0,0,0,0,,0,,0,39,61,0,,,,29.38,31.36,0.81,37,1.98,23.86,11.60,4.34,3.19,-1.15,29,48,-19,2.51,6.08,41,14.77,1.88,0,0,22.00,-5,18,0,8.60,36,0.03,0.07,,,-1.29,-1.19,
Melany Aylin Villeda Medina,,Cruz Azul W,2026/2027,487,Portera,0,0,0,,0,,,0,,0,0,0,0,0,0,0,0,0,0,0,0,0,0,0,0,0,,0.74,0,0,0,0,0,0,0,0,0.18,0,9.23,3.28,4.80,0,0,0,0,0,0,0,0,0.18,,0,0,0,0,0,0,0,,0,,0,,0.18,0,0,32.31,88,6.83,18,63,3.14,7.76,16,79,-9,15.84,0.37,0.16,0.16,30.47,100,5.19,0.18,0,0,0,0,0,0,0,,0,,0,28,72,0,100,0,0,25.84,31.96,0.90,92,6.12,23.14,29.38,2.77,2.29,-0.47,50,59,-9,2.21,5.54,38,14.77,2.51,0.18,0.18,16.25,-7,15,3,3.60,23,0.02,0.09,,,-0.83,-0.71,
Natalia Acuña,,León W,2026/2027,904,Portera,0,0,0,,0,,,0,,0,0,0,0,0,0,0,0,0,0,0,0,0,0,0,0,0,,0.10,0,0,0,0.10,0.11,0,0,0.10,0,0,5.68,2.33,5.58,0,0,0.10,,0,0.11,0,,0,,0,0,0.10,0.05,0.10,0,0,1.89,0,0,0,,0,0,0,20.62,65,7.97,7,48,1.89,14.84,10,61,-4,11.38,0.30,0.12,0.12,18.33,100,7.60,0.30,0,0,0,0,0,0,0,,0,,0,55,45,0,67,33,0,39.58,39.93,0.83,88,0.35,33.04,35.01,1.39,1.36,-0.03,71,72,-1,1.01,4.88,47,10.46,1.86,0.20,0.20,17.52,-5,27,3,1.59,9,0.05,0.08,0,,-0.40,-0.27,
Ofelia Solís,,Cruz Azul W,2026/2027,299,Portera,0,0,0,,0,,,0,,0,0,0,0,0,0,0,0,0,0,0,0,0,0,0,0,0,,0.30,0,0,0,0,0,0,0,0.30,0.60,0,7.81,3.60,6.01,0,0,0,0,0,0,0,0,0.60,,0,0,0.30,0.30,0,0,0,15.85,0,0,0,,0,0,0,26.15,85,4.21,29,50,1.80,6.61,11,54,-31,11.62,0,0.08,0.08,22.84,100,5.95,0,0,0,0,0,0,0,0,,0,,0,24,75,1,,,,25.61,30.92,0.88,88,5.31,22.62,27.23,0.90,1.54,0.64,79,63,15,1.12,4.21,34,12.32,2.56,0,0,18.58,-6,19,6,1.56,14,0.01,0.23,,,0.54,0.78,
Paola Naomi Manrique Mendoza,,Monterrey W,2026/2027,807,Portera,0,0,0,,0,,,0,,0,0,0.00,0.11,0,0,0,0,0.00,0.11,0,0.00,0.11,0.00,0,0,0,,0,0,0,0,0,0,0,0,0.11,0,0,6.36,2.96,2.90,0,0,0,,0,0,0,100,0,,0,0.11,0.11,0.12,0.11,0,0,17.20,0,0,0,,0,0,0,14.16,91,2.01,35,58,0.67,2.79,4,50,-41,11.04,0.11,0.16,0.16,13.16,100,4.57,0,0,0,0,0,0,0,0,,0,,0,22,78,0,,,,23.60,33.28,0.92,94,9.68,21.61,31.32,0.89,0.73,-0.16,75,79,-4,0.80,3.57,38,9.48,1.84,0.11,0.11,22.19,-7,10,1,1.07,5,0.00,0.03,,,-0.19,-0.16,
Paola Ximena Pérez Luna,,Puebla W,2026/2027,201,Portera,0,0,0,,0,,,0,,0,0,0,0,0,0,0,0,0,0,0,0,0,0,0,0,0,,0,0,0,0,0,0,0,0,0.45,0,0,10.76,2.99,5.83,0,0,0,,0,0,0,100,0,,0,0,0.45,0.13,0,0,0,4.88,0,0,0,,0,0,0,17.04,54,7.62,4,35,0.45,21.08,4,67,13,10.83,0,0.00,0.00,14.80,100,11.23,0,0,0,0,0,0,0,0,,0,,0,64,36,0,,,,43.41,26.71,0.84,80,-16.70,36.33,21.25,1.79,1.47,-0.33,80,84,-4,1.88,8.97,39,22.87,1.71,0,0,15.77,-6,43,1,1.57,15,0.07,0.08,,,-0.49,-0.34,
Renata Masciarelli Orozco,,Puebla W,2026/2027,706,Portera,0,0,0,,0,,,0,,0,0,0,0,0,0,0,0,0,0,0,0,0,0,0,0,0,,0.26,0,0,0,0,0,0.13,0.07,0,0,0,14.28,2.33,4.34,0,0,0,,0,0,0,,0,,0,0,0,0,0,0,0,,0,,0,,0,0,0,11.99,52,5.48,10,33,0.77,16.07,5,55,3,9.16,0,0.00,0.00,10.71,100,10.40,0,0,0,0,0,0,0,0,,0,,0,51,49,0,,,,38.93,33.82,0.78,85,-5.11,30.48,28.58,3.95,3.19,-0.76,59,67,-8,2.42,9.56,43,22.44,1.58,0.13,0.13,13.48,-2,38,2,0.26,3,0.00,0.08,0.00,,-0.89,-0.80,
Riley Melendez,,Atlante W,2026/2027,898,Portera,0,0,0,,0,,,0,,0,0,0,0,0,0,0,0,0,0,0,0,0,0,0,0,0,,0,0,0,0,0,0,0,0,0.10,0,0,6.82,2.66,5.21,0,0,0,,0,0,0,,0,,0,0,0.10,0.09,0.10,0,0,11.55,0,0,0,,0,0,0,16.94,64,5.31,1,34,1.60,13.83,9,61,-3,9.37,0.50,0.01,0.01,15.34,100,6.07,0.30,0,0,0,0,0,0,0,,0,,0,49,51,0,100,0,0,40.08,38.06,0.75,87,-2.02,29.90,33.09,1.00,1.19,0.19,76,71,5,1.29,4.11,38,10.93,2.21,0.10,0.10,13.55,-4,33,4,0.93,9,0.06,0.07,,,-0.01,0.13,
Sara Toledano,,Cruz Azul W,2026/2027,105,Portera,0,0,0,,0,,,0,,0,0,0,0,0,0,0,0,0,0,0,0,0,0,0,0,0,,0,0,0,0,0,0,0,0,0,0,0,9.46,2.45,4.30,0,0,0,,0,0,0,,0,,0,0,0,0,0,0,0,,0,,0,,0,0,0,18.07,93,0.86,39,50,0,1.72,13,100,7,13.64,0,0.26,0.26,14.62,100,5.21,0,0,0,0,0,0,0,0,,0,,0,10,90,0,,,,23.16,21.70,0.99,100,-1.46,22.94,21.70,0.86,2.09,1.23,80,51,29,0.94,4.30,36,12.04,1.72,0,0,30.79,-11,7,3,2.92,10,-0.03,0.05,,,0.31,0.33,
Valeria Martínez,,Toluca W,2026/2027,893,Portera,0,0,0,,0,,,0,,0,0,0,0,0,0,0,0,0,0,0,0,0,0,0,0,0,,0.20,0,0,0.10,0,0,0,0,0.10,0,0,8.57,3.34,4.54,0.10,0,0,0,0,0,0,50,0.20,,0,0,0.10,0.12,0.10,0,0,9.84,0,0,0,,0,0,0,25.71,84,7.26,23,63,1.92,9.58,11,83,-2,11.92,0.40,0.33,0.33,24.50,100,4.83,0.30,0,0,0,0,0,0,0,,0,,0,28,72,0,67,33,0,28.69,32.44,0.89,98,3.75,25.52,31.67,1.41,1.21,-0.20,70,74,-4,1.21,4.74,36,13.01,2.39,0.10,0.10,20.88,-6,14,2,1.67,11,0.02,0.08,,,-0.31,-0.21,
Wendy Toledo,,Pumas UNAM W,2026/2027,591,Portera,0,0,0,,0,,,0,,0,0,0,0,0,0,0,0,0,0,0,0,0,0,0,0,0,,0,0,0,0,0,0,0,0,0.15,0.15,0,6.09,3.81,5.63,0,0,0,0,0,0,0,50,0.30,,0,0,0.15,0.17,0.15,0,0,3.43,0,0,0,,0,0,0,31.05,82,4.87,10,42,1.67,9.89,11,73,-9,13.11,0.30,0.46,0.46,29.38,100,6.09,0.30,0,0,0,0,0,0,0.15,,0,,0,27,73,0,50,50,0,29.43,32.41,0.78,85,2.98,22.81,27.47,0.91,0.87,-0.04,77,78,-1,1.13,3.96,41,9.59,3.29,0,0,19.58,-7,14,1,1.80,10,0.06,0.08,,,-0.17,-0.03,
Ximena Díaz,,Querétaro W,2026/2027,204,Portera,0,0,0,,0,,,0,,0,0,0,0,0,0,0,0,0,0,0,0,0,0,0,0,0,,0,0,0,0,0,0,0,0,0,0,0,13.65,3.49,6.60,0,0,0,,0,0,0,,0,,0,0,0,0,0,0,0,,0,,0,,0,0,0,20.25,66,5.72,10,34,0.88,15.85,7,80,14,12.17,0.88,0.19,0.19,18.93,100,8.36,0.44,0,0,0,0,0,0,0,,0,,0,49,51,0,100,0,0,36.21,24.11,0.76,86,-12.10,27.55,20.75,2.20,1.74,-0.46,69,75,-7,2.11,7.04,40,17.61,3.11,0.44,0.44,20.34,-6,26,4,1.76,14,0.05,0.05,,,-0.73,-0.62,
Akane Lara,,Atlas W,2026/2027,114,Central,0,0,0,,0,,,0,,0,0,0.07,0.79,0,0.07,0.79,0,0,0,0,0.07,0.79,-0.07,0.79,0,0.79,0,0,0,0.79,0.79,0,0,5.52,5.77,19.71,8.67,0,11.04,29.63,8.67,0.79,1.58,1.58,33,1.96,1.96,1.58,0,3.15,0,0,0,16.56,18.09,8.67,3.94,3.15,27.95,0.79,5,0.79,20,0,0,0,42.58,79,2.37,23,43,5.52,5.52,13,57,-21,32.40,3.15,0.58,0.65,37.06,96,4.61,3.15,0,0,0,0,0,0,0,,0,,0,29,68,4,50,50,0,22.08,16.68,0.92,120,-5.40,20.40,19.98,0,0,0,0,0,,0,0,,0,0,0,0,0,0,21,9,3.47,28,0.00,0.03,0.06,,,0.09,
Alexa Hernández,,León W,2026/2027,294,Central,0,0,0.04,0.06,0.61,0,0,0,,0,0,0.01,0.31,0,0,0,0,0.01,0.31,0,0.05,0.92,-0.05,0,0,0,,1.22,0,0.61,0.31,3.67,3.30,5.81,5.25,10.70,6.11,0.03,3.67,26.26,11.61,3.06,1.53,5.20,63,1.34,4.64,1.83,75,0.92,50,1.22,0,7.34,7.16,2.14,0.92,0,28.21,0.92,13,0,0,0,0,0,36.37,84,2.45,16,62,5.81,3.97,8,82,-2,38.76,3.36,0.37,0.37,29.04,98,5.40,2.45,0.31,0,0.31,0,1.22,1.22,0,0,0,,0,24,71,5,38,63,0,20.75,17.48,0.97,101,-3.27,20.15,17.57,0,0,0,0,0,,0,0,,0,0,0,0,0,0,16,9,2.32,15,0.04,0.07,-0.14,-0.02,,-0.04,
Alexeis Kirnos,,Atlante W,2026/2027,614,Central,0,0,0.03,0.10,0.29,0,0,0,,0,0,0.03,0.44,0,0.03,0.44,0,0,0,0,0.06,0.73,-0.06,0.44,0,0.44,0,0.29,0,0.29,1.03,1.17,1.11,4.83,3.35,10.55,6.59,0.01,4.69,28.55,11.42,2.20,1.61,2.78,73,1.18,2.29,0.44,0,0.59,75,0.88,0,8.64,6.05,2.78,1.03,0.73,34.16,2.05,24,0.15,14,0.15,0,0,31.93,68,1.90,16,30,5.57,5.57,13,66,-2,33.59,1.61,0.06,0.08,24.75,96,4.83,2.20,0.29,0.29,0,0,0.44,0.73,0,50,0.15,100,0,43,54,3,47,53,0,23.58,20.07,0.84,78,-3.52,19.93,15.58,0,0,0,0,0,,0,0,,0,0,0,0,0,0,33,11,1.64,20,0.03,0.10,0.02,-0.02,,0.13,
Allie George,,Querétaro W,2026/2027,843,Central,0.11,0.11,0.03,0.07,0.43,25,25,0,,0.05,0,0,0,0,0,0,0,0,0,0.11,0.03,0.43,0.08,0.11,0.11,0,100,0.43,0,0.21,0.43,0.96,0.98,3.74,3.09,11.85,5.55,0.01,6.30,24.94,10.46,1.28,1.60,2.56,60,1.44,2.42,0.43,33,1.07,43,1.07,0,10.04,8.65,4.38,0.75,0.43,28.64,1.07,11,0.21,29,0.21,0,0,33.85,77,1.07,13,23,4.06,4.27,10,67,-10,31.12,0.85,0.31,0.31,25.41,98,4.76,0.53,0,0,0,0,0.85,0.85,0,,0,,0,29,68,3,80,20,0,23.40,23.06,0.87,86,-0.35,20.26,19.88,0,0,0,0,0,,0,0,,0,0,0,0,0,0,21,6,2.37,17,0.01,0.03,0.00,-0.04,,0.00,
Ana Mendoza González,,Pumas UNAM W,2026/2027,561,Central,0.32,0.32,0.02,0.02,1.12,29,71,0,,0.09,0,0.02,0.16,0,0.02,0.16,0,0,0,0.32,0.04,1.28,0.28,0.48,0.48,0,100,0.64,0,0.80,0.48,1.44,2.07,3.85,3.76,10.11,5.62,0.09,4.98,25.78,14.61,2.73,1.77,3.21,65,1.76,3.83,0.64,50,0.96,100,0.48,0,7.70,9.16,2.89,1.28,0.96,32.83,1.61,21,0.64,50,0.16,0,0,58.43,82,6.74,7,57,5.14,10.59,12,77,-5,35.95,5.78,0.86,0.87,51.69,98,6.38,5.78,0.16,0.16,0,0,0,0.16,0.16,0,0,,0,25,72,3,39,61,0,25.55,23.88,0.93,103,-1.67,23.70,24.63,0,0,0,0,0,,0,0,,0,0,0,0,0,0,17,5,6.23,34,0.08,0.13,0.14,0.03,,0.38,
Ana Torres,,Atlante W,2026/2027,498,Central,0,0,0.04,0.07,0.54,0,0,0,,0,0,0.09,0.18,0,0.09,0.18,0,0,0,0,0.13,0.72,-0.13,0.90,0.54,0.36,60,0.54,0,1.08,0.54,1.81,1.55,3.07,2.03,10.85,4.52,0,6.33,22.98,9.04,0.90,1.81,3.62,59,1.00,2.55,0.36,60,1.27,63,1.81,0.36,8.68,5.64,3.25,1.08,0.54,24.57,0.36,4,0.18,17,0,0,0,31.27,66,3.43,15,40,4.52,7.05,17,56,-9,30.40,0.54,0.05,0.14,22.78,93,3.97,0.54,0,0,0,0.18,1.45,1.45,0,,0,,0.18,44,54,2,67,33,0,26.31,24.60,0.89,96,-1.71,23.35,23.63,0,0,0,0,0,,0,0,,0,0,0,0,0,0,28,5,0.81,6,0.04,0.07,-0.11,-0.01,,-0.01,
B.Johnson,,Necaxa W,2026/2027,105,Central,0,0,0,,0,,,0,,0,0,0,0,0,0,0,0,0,0,0,0,0,0,0,0,0,,0,0,2.58,0,1.72,0.18,2.58,0.52,10.31,6.01,0,3.44,22.39,8.59,0.86,1.72,3.44,100,0.25,0.42,0,,0,,0,0,8.59,1.26,2.58,0.86,0,25.36,0.86,10,0,0,0,0,0,11.17,57,0,14,0,3.44,0,14,50,-7,28.65,0.86,0,0,7.73,67,4.36,0.86,0,0,0,0,0,0,0,,0,,0,57,43,0,0,100,0,17.88,19.78,0.80,11,1.91,14.25,2.25,0,0,0,0,0,,0,0,,0,0,0,0,0,0,29,0,,,0.06,0.00,0.04,,,0.10,
Bianca Mora,,Juárez W,2026/2027,816,Central,0,0,0.02,0.04,0.44,0,50,0,,0.07,0,0.00,0.22,0,0.00,0.22,0,0,0,0,0.02,0.66,-0.02,0.11,0.11,0,100,0.33,0,0.44,0.11,0.44,0.54,4.08,4.47,8.60,4.08,0.04,3.53,28.12,11.91,2.09,1.32,1.76,100,1.63,2.18,1.32,100,0,62,1.43,0,5.95,7.24,2.43,1.32,0.33,32.79,0.99,17,0.66,50,0.11,0,0,37.15,83,3.97,15,58,4.52,6.39,11,65,-18,36.72,2.32,0.13,0.13,29.10,98,4.55,2.43,0.11,0.11,0,0.11,0.88,0.99,0,0,0,,0.11,25,73,3,18,77,5,24.23,20.51,0.92,93,-3.72,22.38,19.05,0,0,0,0,0,,0,0,,0,0,0,0,0,0,18,6,1.76,12,0.04,0.06,0.05,0.04,,0.19,
Brenda Coronado,,Necaxa W,2026/2027,54,Central,0,0,0,,0,,,0,,0,0,0.17,1.66,0,0.17,1.66,0,0,0,0,0.17,1.66,-0.17,0,0,0,,0,0,4.97,0,1.66,0.17,1.66,0.64,33.11,13.24,0,9.93,32.69,9.93,3.31,6.62,8.28,100,0.76,0.93,3.31,,0,33,1.66,0,23.18,4.43,6.62,8.28,1.66,35.45,4.97,21,1.66,20,0,0,0,21.52,57,0,0,0,1.66,1.66,29,50,-7,49.90,1.66,0.17,0.17,21.52,77,4.28,3.31,0,0,0,0,0,0,0,,0,,0,21,64,14,50,0,50,15.39,12.09,0.85,117,-3.30,13.12,14.09,0,0,0,0,0,,0,0,,0,0,0,0,0,0,57,14,1.66,18,-0.09,0.38,0.43,,,0.72,
Carol Cázares Carrera,,Monterrey W,2026/2027,363,Central,0,0,0.02,0.04,0.50,0,0,0,,0,0,0.02,0.25,0,0.02,0.25,0,0,0,0,0.04,0.74,-0.04,0.25,0,0.25,0,0.25,0,0.25,0.50,0.74,1.10,4.46,6.76,11.40,3.22,0.15,6.44,26.87,11.64,2.72,0.99,1.73,80,1.69,2.78,0.50,0,0.25,50,0.99,0.25,9.91,15.76,4.46,1.73,0.74,31.45,1.98,20,0.50,29,0,0,0,46.82,88,3.72,33,75,4.95,4.46,9,82,-6,39.19,5.20,0.70,0.72,41.12,98,6.61,5.70,0.25,0.25,0,0,0.50,0.74,0,0,0,,0,24,72,4,30,65,4,21.96,18.91,0.99,94,-3.05,21.82,17.73,0,0,0,0,0,,0,0,,0,0,0,0,0,0,13,5,4.29,17,0.04,0.10,0.04,-0.04,,0.15,
Cristina Ferral,,Guadalajara W,2026/2027,794,Central,0,0,0.01,0.06,0.11,0,0,0,,0,0.11,0.02,0.34,0.11,0.02,0.34,0,0,0,0.11,0.03,0.45,0.08,0,0,0,,0.34,0,0.34,0.45,0.68,0.61,4.65,4.89,9.41,4.31,0.01,5.44,26.31,10.77,1.81,2.15,2.83,86,2.34,2.95,0.23,75,0.34,38,0.68,0.11,7.03,7.68,3.63,1.25,0.68,30.67,0.91,13,0.23,18,0.11,0,0,46.46,80,6.12,23,57,5.55,9.75,9,68,-12,31.91,3.06,0.31,0.33,38.42,98,5.58,3.40,0.11,0.11,0,0,0.57,0.68,0,0,0,0,0,29,69,2,33,63,3,25.25,24.58,0.93,87,-0.67,23.47,21.36,0,0,0,0,0,,0,0,,0,0,0,0,0,0,21,5,3.20,17,0.07,0.05,0.01,-0.01,,0.11,
Daiane,,Monterrey W,2026/2027,773,Central,0.12,0.12,0.14,0.12,1.16,10,20,0,,0.10,0,0.02,0.12,0,0.02,0.12,0,0,0,0.12,0.16,1.28,-0.05,0.47,0.35,0.12,75,0.47,0.12,0.47,0.35,1.05,1.36,4.08,5.78,10.13,4.54,0.07,5.24,29.33,10.01,2.33,1.28,2.33,92,1.76,3.12,1.63,100,0.12,88,2.68,0,7.22,9.89,3.03,1.98,0.93,34.76,1.86,26,0.82,41,0.12,0,0,48.90,80,4.89,84,54,5.24,7.92,11,67,-13,37.43,6.52,0.60,0.70,40.52,98,6.58,6.64,0.35,0.35,0,0,2.56,2.91,0.23,0,0,,0,34,64,2,46,54,0,25.67,21.45,0.93,90,-4.22,23.78,19.37,0,0,0,0,0,,0,0,,0,0,0,0,0,0,23,7,5.27,22,0.07,0.06,-0.17,-0.03,,-0.07,
Daniela Frank Flores Cortés,,Pachuca W,2026/2027,161,Central,0,0,0,,0,,,0,,0,0,0,0,0,0,0,0,0,0,0,0,0,0,0,0,0,,0.56,0,0,0.56,0,0,5.03,4.51,13.42,9.51,0,4.47,26.29,11.18,1.68,2.80,2.80,100,2.22,2.22,0.56,100,0,67,1.12,0,10.07,8.57,2.80,2.24,0,34.21,0.56,6,0.56,25,0,0,0,58.16,91,2.24,39,57,5.03,3.91,13,93,2,36.22,4.47,0.17,0.17,49.21,99,6.10,4.47,0,0,0,0,0,0,0,,0,,0,29,65,6,63,38,0,20.94,20.75,0.96,104,-0.19,20.07,21.49,0,0,0,0,0,,0,0,,0,0,0,0,0,0,12,6,2.46,21,0.07,0.07,-0.02,,,0.12,
Daniela Monserrat Meza Barba,,Atlas W,2026/2027,38,Central,0,0,0,,0,,,0,,0,0,0,0,0,0,0,0,0,0,0,0,0,0,0,0,0,,0,0,0,0,0,0,7.02,8.71,21.06,7.02,0,7.02,15.67,9.36,0,4.68,4.68,100,5.81,5.81,2.34,100,0,0,0,0,14.04,16.28,2.34,0,0,14.44,0,0,0,,2.34,0,0,18.72,55,4.68,0,50,7.02,9.36,18,0,-55,22.56,0,0,0,18.72,100,5.32,0,0,0,0,0,0,0,0,,0,,0,64,36,0,,,,32.90,14.53,0.99,,-18.36,32.49,,0,0,0,0,0,,0,0,,0,0,0,0,0,0,27,0,,,0.02,0.01,-1.12,,,-1.09,
Daniela Árias,,León W,2026/2027,592,Central,0.15,0.15,0.17,0.28,0.61,25,50,0,,0.22,0,0.02,0.15,0,0.02,0.15,0,0,0,0.15,0.19,0.76,-0.04,0,0,0,,0.76,0,0.30,0.15,1.06,1.01,3.35,2.64,14.91,7.00,0.07,7.30,28.74,8.98,1.22,3.04,4.11,77,2.69,3.70,1.37,55,0.91,40,0.91,0,10.80,10.72,5.48,1.98,1.06,30.05,1.37,13,0.46,23,0.30,0,0,31.34,81,2.28,18,45,3.80,4.56,9,68,-12,33.75,2.28,0.36,0.44,25.10,98,4.47,1.98,0,0,0,0.15,1.22,1.22,0,,0,0,0.15,26,70,4,23,69,8,24.23,19.14,0.93,93,-5.09,22.44,17.76,0,0,0,0,0,,0,0,,0,0,0,0,0,0,19,8,2.60,14,-0.02,0.07,0.15,0.12,,0.32,
Deisy Estefania Ojeda Gonzalez,,Tijuana W,2026/2027,776,Central,0,0,0.03,0.04,0.70,0,17,0,,0.02,0,0.16,1.04,0,0.03,0.35,0,0.13,0.70,0,0.19,1.74,-0.19,0.35,0.35,0,100,1.16,0,0.12,0.35,1.04,0.84,3.94,2.80,9.97,6.03,0.04,4.75,30.31,9.39,2.20,1.51,2.55,68,1.22,2.06,1.62,33,0.70,50,0.58,0,6.84,5.06,2.20,1.04,0.35,37.87,2.44,36,0.93,89,0.12,0,0,42.79,64,8.00,92,43,4.99,17.39,9,79,15,37.13,5.91,0.44,0.47,35.60,99,3.91,4.87,1.74,0.81,0.93,0,0.23,1.04,0.12,7,0.12,33,0,48,51,1,64,36,0,31.46,25.57,0.86,85,-5.89,27.08,21.77,0,0,0,0,0,,0,0,,0,0,0,0,0,0,33,7,5.33,40,0.22,0.08,-0.09,-0.03,,0.18,
Dulce Morales,,Puebla W,2026/2027,395,Central,0,0,0,,0,,,0,,0,0,0.02,0.46,0,0,0,0,0.02,0.46,0,0.02,0.46,-0.02,0.23,0.23,0,100,0.23,0,0,0,0.68,0.12,5.46,1.38,13.20,7.28,0.04,7.28,21.97,4.78,0.46,1.59,2.28,64,0.52,0.64,0.46,33,0.91,38,0.68,0,11.16,3.08,5.24,1.82,0.68,25.50,1.14,10,0.23,13,0,0,0,13.43,54,3.19,14,48,5.69,6.37,9,33,-21,31.22,2.05,0.01,0.01,8.88,100,4.20,1.59,0.46,0.23,0.23,0,0,0.23,0,0,0,,0,56,41,3,86,14,0,30.73,19.35,0.95,187,-11.39,29.33,36.22,0,0,0,0,0,,0,0,,0,0,0,0,0,0,40,7,1.00,15,0.04,0.02,0.13,,,0.19,
Dulce Uriostegui,,Necaxa W,2026/2027,11,Central,0,0,0,,0,,,0,,0,0,0,0,0,0,0,0,0,0,0,0,0,0,0,0,0,,0,0,0,0,0,0,0,0,8.56,0,0,8.56,15.76,8.56,0,0,0,,0,0,0,,0,,0,0,8.56,0.88,8.56,8.56,8.56,15.76,0,0,0,0,0,0,0,17.12,100,0,0,,0,0,0,,,26.82,0,0,0,8.56,100,2.63,0,0,0,0,0,0,0,0,,0,,0,50,0,50,,,,21.56,,1.00,,,21.56,,0,0,0,0,0,,0,0,,0,0,0,0,0,0,50,50,,,-0.06,0.00,,,,-0.06,
Elaily Hernández,,Atlético San Luis W,2026/2027,763,Central,0,0,0.01,0.03,0.47,0,25,0,,0.00,0.12,0.05,0.59,0.12,0.03,0.35,0,0.01,0.24,0.12,0.06,1.06,0.06,0.24,0.24,0,100,0.24,0,0.24,0.24,0.59,0.40,5.07,4.55,8.14,3.66,0.06,4.96,22.84,7.08,1.06,1.18,1.77,63,1.12,1.52,1.18,50,0.71,50,0.59,0.12,5.78,5.57,2.48,0.94,0.47,30.41,1.06,18,0.35,38,0.12,0.12,0,35.75,81,6.37,12,58,5.90,10.15,7,81,0,33.21,2.24,0.20,0.23,28.55,100,5.84,1.89,1.06,0.24,0.83,0,0.47,0.71,0,56,0.59,63,0,31,67,2,50,44,6,27.03,26.31,0.91,96,-0.72,24.50,25.16,0,0,0,0,0,,0,0,,0,0,0,0,0,0,25,9,4.06,20,0.19,0.04,0.27,-0.02,,0.48,
Fernanda Pinilla,,León W,2026/2027,904,Central,0.10,0.10,0.02,0.08,0.30,33,67,0,,0.08,0,0,0,0,0,0,0,0,0,0.10,0.02,0.30,0.08,0.10,0.10,0,100,0.70,0,0.20,0.10,1.49,0.92,3.09,3.38,11.75,6.18,0.03,5.68,27.24,12.75,1.49,2.59,4.08,90,2.44,3.36,0.70,67,0.30,58,0.70,0.10,8.47,8.06,3.98,1.10,0.60,29.07,1.10,13,0.30,27,0,0,0,36.16,79,5.68,71,58,3.78,9.16,8,73,-6,33.62,2.29,0.16,0.17,27.79,99,4.95,2.09,0.10,0,0.10,0,0.70,0.70,0,0,0,0,0,35,63,3,48,48,5,25.90,26.80,0.91,97,0.90,23.51,26.09,0,0,0,0,0,,0,0,,0,0,0,0,0,0,20,7,2.20,12,0.12,0.07,0.09,0.00,,0.27,
Frida Gómez Vargas,,Atlético San Luis W,2026/2027,702,Central,0,0,0.00,0.03,0.13,0,0,0,,0,0,0.01,0.13,0,0.01,0.13,0,0,0,0,0.01,0.26,-0.01,0.13,0.13,0,100,0.38,0,0.26,0.26,0.77,0.52,4.36,3.62,10.52,5.39,0.06,4.36,23.98,10.52,1.67,1.67,2.44,81,1.59,2.11,1.92,50,0.38,38,0.64,0,6.93,6.38,2.82,1.41,0.13,30.95,1.28,19,0.51,36,0.51,0.13,0,37.84,88,3.46,21,75,4.49,4.49,8,81,-7,29.46,1.67,0.28,0.29,30.66,99,4.02,1.41,0.26,0.13,0.13,0,0,0.13,0,0,0,0,0,23,73,4,45,55,0,21.92,18.15,0.99,96,-3.77,21.63,17.42,0,0,0,0,0,,0,0,,0,0,0,0,0,0,19,11,3.14,14,0.04,0.07,-0.12,-0.01,,-0.01,
Fátima Bracamonte,,Necaxa W,2026/2027,747,Central,0,0,0.02,0.07,0.24,0,0,0,,0,0,0,0,0,0,0,0,0,0,0,0.02,0.24,-0.02,0,0,0,,0.24,0,0.72,0.24,0.84,0.40,7.23,2.82,15.79,7.71,0.01,9.40,19.25,9.40,0.72,1.69,2.53,56,0.72,1.12,0.96,21,1.33,33,0.84,0,13.14,5.65,6.63,1.81,0.48,22.54,1.08,8,0.60,33,0.24,0,0,17.35,62,1.21,32,36,7.47,3.13,14,58,-3,28.97,0.24,0.03,0.04,11.45,92,4.15,0.24,0.12,0,0.12,0,0.60,0.60,0,0,0,,0,43,54,3,0,50,50,22.40,18.21,0.94,109,-4.19,21.07,19.77,0,0,0,0,0,,0,0,,0,0,0,0,0,0,40,7,0.24,3,-0.02,0.00,-0.08,-0.02,,-0.12,
Gineva López Villaseñor,,Santos Laguna W,2026/2027,632,Central,0.14,0.14,0.03,0.08,0.43,33,33,0,,0.12,0,0.00,0.14,0,0.00,0.14,0,0,0,0.14,0.04,0.57,0.11,0.14,0,0.14,0,0.57,0,0.43,0.57,1.14,0.59,6.55,3.34,16.09,8.40,0.07,8.26,23.27,8.83,1.28,3.27,4.41,88,1.72,2.31,0.28,88,0.43,64,2.56,0,12.53,6.85,5.98,2.42,1.14,28.19,1.57,13,0.57,24,0.14,0,0,25.77,68,2.85,20,42,7.26,6.12,12,57,-11,29.14,1.42,0.10,0.10,19.36,95,4.09,1.14,0.14,0.14,0,0,1.00,1.14,0,0,0,,0,41,56,3,38,63,0,25.61,22.92,0.86,99,-2.70,21.92,22.80,0,0,0,0,0,,0,0,,0,0,0,0,0,0,28,4,1.25,10,0.04,0.01,0.09,-0.01,,0.13,
Greta Espinoza,,Tigres UANL W,2026/2027,501,Central,0.18,0.18,0.07,0.09,0.72,25,25,0,,0.10,0,0.00,0.18,0,0.00,0.18,0,0,0,0.18,0.07,0.90,0.11,1.08,0.90,0.18,83,0.54,0,0.18,0.54,0.90,1.08,3.41,5.16,6.10,2.51,0.08,3.95,27.34,10.41,3.77,0.90,1.79,83,1.40,2.47,0,67,0.18,53,1.62,0,5.21,7.60,2.87,1.08,0.54,34.68,1.44,28,0.54,50,0,0,0,55.64,84,2.33,34,37,4.13,5.56,11,49,-36,40.11,5.21,0.52,0.52,48.11,99,6.89,5.74,0.18,0.18,0,0,1.62,1.79,0,0,0,,0.18,24,73,3,19,81,0,21.81,17.24,0.95,102,-4.57,20.63,17.63,0,0,0,0,0,,0,0,,0,0,0,0,0,0,15,5,4.52,22,0.03,0.09,0.12,-0.04,,0.21,
Guadalupe Vanessa Sánchez López,,Atlante W,2026/2027,727,Central,0,0,0.08,0.23,0.37,0,0,0,,0,0,0.01,0.25,0,0.01,0.25,0,0,0,0,0.09,0.62,-0.09,0.74,0.25,0.49,33,0.12,0,0.62,0.99,0.99,0.79,2.97,1.67,20.42,10.15,0.04,7.42,28.54,9.28,1.98,3.71,4.70,79,3.12,3.91,0.99,43,0.99,57,1.48,0.49,15.72,12.42,5.69,2.10,1.24,31.17,3.59,23,0.49,24,0.37,0,0,32.17,63,1.98,24,33,4.08,4.83,17,55,-9,39.20,1.86,0.11,0.21,25.49,96,4.47,2.47,0.62,0.49,0.12,0,1.73,2.23,0,20,0.12,33,0,39,55,6,25,65,10,21.91,20.68,0.88,88,-1.23,19.21,18.18,0,0,0,0,0,,0,0,,0,0,0,0,0,0,39,10,1.72,17,-0.03,0.05,0.12,-0.05,,0.08,
Heidi Ruth,,Cruz Azul W,2026/2027,612,Central,0,0,0.01,0.02,0.29,0,50,0,,0.00,0,0.00,0.15,0,0.00,0.15,0,0,0,0,0.01,0.44,-0.01,0.29,0.29,0,100,0.44,0,0.29,0.15,1.18,1.24,4.56,4.47,15.88,7.50,0.05,5.59,25.93,11.03,1.47,2.50,3.68,89,2.03,3.27,1.03,71,0.29,58,1.03,0,12.35,10.70,4.12,2.35,1.03,30.67,1.76,14,0.44,19,0.15,0,0,46.76,80,2.79,33,40,5.15,6.32,11,62,-18,32.57,1.32,0.44,0.44,38.38,99,5.83,1.62,0.15,0.15,0,0,0.44,0.59,0,0,0,,0,32,66,2,64,36,0,23.43,22.17,0.91,93,-1.26,21.35,20.66,0,0,0,0,0,,0,0,,0,0,0,0,0,0,26,10,3.10,23,-0.01,0.08,0.05,-0.01,,0.11,
Isa Haas,,América W,2026/2027,704,Central,0,0,0.04,0.06,0.64,0,20,0,,0.00,0,0.04,0.64,0,0.04,0.64,0,0,0,0,0.08,1.28,-0.08,0.26,0.26,0,100,0.26,0,0,0.26,1.28,1.93,4.86,7.59,10.10,5.62,0.10,5.88,27.70,11.38,2.94,1.15,2.43,82,1.74,3.68,1.02,50,0.26,76,1.66,0,7.92,12.42,3.58,1.02,0.13,34.38,2.05,26,0.51,50,0,0,0,49.85,90,6.39,7,81,5.50,7.29,8,75,-15,36.81,4.35,0.88,0.91,41.54,100,4.98,4.47,0.26,0.26,0,0,1.41,1.66,0,50,0.26,100,0,22,76,2,37,63,0,25.37,23.58,0.98,107,-1.79,24.85,25.26,0,0,0,0,0,,0,0,,0,0,0,0,0,0,10,3,6.80,26,0.08,0.06,0.13,-0.04,,0.24,
Jazmín Enrigue Abundis,,Tijuana W,2026/2027,779,Central,0,0,0.12,0.20,0.58,0,20,1,,0.03,0,0.00,0.12,0,0.00,0.12,0,0,0,0,0.12,0.69,-0.12,0.69,0.69,0,100,0.92,0,0.46,0.69,1.85,1.47,3.58,2.32,13.52,7.05,0.05,7.17,30.53,7.86,1.62,1.85,3.70,64,1.41,2.88,1.16,25,1.04,54,1.62,0,10.52,7.66,5.09,1.85,0.46,35.47,2.77,26,0.92,50,0.12,0,0,31.09,80,3.01,19,58,3.93,4.85,13,61,-19,35.17,2.20,0.20,0.22,25.43,97,4.67,2.54,0,0,0,0.12,1.39,1.39,0,,0,,0.12,29,67,3,32,64,5,23.47,19.01,0.98,107,-4.46,23.06,20.32,0,0,0,0,0,,0,0,,0,0,0,0,0,0,21,7,1.64,12,0.03,0.05,-0.01,-0.10,,-0.03,
Jimena López Fuentes,,Tigres UANL W,2026/2027,560,Central,0,0,0.02,0.04,0.48,0,0,0,,0,0.64,0.15,1.12,0.64,0.14,0.96,0,0.01,0.16,0.64,0.17,1.61,0.47,0.96,0.64,0.32,67,0.48,0,0.64,1.12,0.48,0.61,3.05,4.39,10.76,5.78,0.04,4.34,34.05,11.40,3.53,1.61,2.09,83,2.04,2.65,0.48,33,0.32,56,0.80,0,8.67,11.38,3.21,2.41,1.28,42.72,3.37,39,1.61,67,0.16,0,0,53.95,88,4.50,76,72,3.21,6.10,8,77,-11,39.30,6.10,0.46,0.51,47.85,97,6.71,8.35,0.48,0.32,0.16,0.16,0.64,0.96,0.16,33,0.32,50,0.16,32,63,5,38,46,15,20.75,19.00,0.97,103,-1.75,20.05,19.57,0,0,0,0,0,,0,0,,0,0,0,0,0,0,14,8,5.51,30,0.12,0.10,0.05,-0.02,,0.25,
Jocelyn Marie Orejel Tavares,,Pachuca W,2026/2027,349,Central,0,0,0.01,0.01,0.77,0,33,1,,0.00,0,0.03,0.77,0,0.00,0.52,0,0.03,0.26,0,0.04,1.55,-0.04,1.29,1.03,0.26,80,0,0,0.77,1.03,0.77,0.78,1.80,2.28,26.79,16.75,0,9.53,44.01,13.14,6.18,3.86,4.64,83,4.54,5.33,1.80,40,0.77,38,0.77,0.77,21.13,23.03,7.99,3.86,0.77,46.17,9.53,45,2.32,60,0.26,0,0,51.78,86,3.61,44,70,2.06,4.90,11,77,-9,43.78,5.67,0.48,0.48,46.12,96,5.51,7.47,0.52,0.26,0.26,0,0.26,0.52,0,50,0.26,100,0,25,70,4,45,52,3,20.77,14.80,1.01,96,-5.97,20.88,14.14,0,0,0,0,0,,0,0,,0,0,0,0,0,0,21,10,4.59,31,0.06,0.08,-0.02,-0.02,,0.09,
Julissa Dávila,,Pumas UNAM W,2026/2027,439,Central,0,0,0.02,0.12,0.21,0,0,0,,0,0,0,0,0,0,0,0,0,0,0,0.02,0.21,-0.02,0,0,0,,0.41,0,0.21,0,1.64,2.01,4.10,4.82,8.00,3.28,0.04,6.36,29.32,11.69,3.28,1.23,2.87,60,1.43,3.43,0.62,50,0.82,50,1.44,0,6.16,7.26,3.49,0.41,0.21,32.74,1.03,17,0,0,0.41,0,0,62.37,83,4.31,40,51,4.31,8.21,7,59,-24,36.30,4.10,0.88,0.88,50.47,100,5.82,4.31,0,0,0,0.21,0.62,0.62,0,,0.21,50,0.21,25,71,4,48,52,0,22.79,21.59,0.95,108,-1.19,21.70,23.33,0,0,0,0,0,,0,0,,0,0,0,0,0,0,18,7,8.45,40,0.06,0.07,0.04,-0.03,,0.14,
Karen Alejandra Díaz Sánchez,,Tijuana W,2026/2027,120,Central,0,0,0,,0,,,0,,0,0,0,0,0,0,0,0,0,0,0,0,0,0,0.75,0.75,0,100,0,0,0.75,0,0.75,0.58,3.00,2.31,8.26,6.01,0.15,6.01,32.18,15.01,4.50,0.75,1.50,100,0.37,0.95,0,,0,0,0,0,7.51,5.37,3.00,1.50,0.75,34.95,2.25,30,1.50,100,0,0,0,36.78,79,3.00,32,57,3.00,5.25,11,67,-13,38.75,2.25,0,0,31.53,98,6.57,3.00,0,0,0,0,0,0,0,,0,,0,34,62,4,50,25,25,20.17,13.72,0.95,109,-6.45,19.15,14.99,0,0,0,0,0,,0,0,,0,0,0,0,0,0,23,9,0.83,14,-0.01,0.14,0.52,,,0.64,
Karla Lorena Martínez Díaz,,Toluca W,2026/2027,740,Central,0,0,0.01,0.07,0.12,0,0,0,,0,0,0,0,0,0,0,0,0,0,0,0.01,0.12,-0.01,0.12,0.12,0,100,0.85,0,0.37,0.37,1.10,1.29,2.80,2.77,15.94,7.55,0.08,8.52,29.63,9.61,2.07,3.04,4.14,89,3.46,4.75,0.85,60,0.37,45,0.61,0.12,12.05,14.31,6.08,1.10,0.61,32.93,1.95,16,0.12,11,0.12,0,0.12,47.46,85,6.08,19,68,3.16,8.64,8,66,-20,32.81,2.56,0.35,0.35,40.52,98,4.68,2.80,0.24,0.12,0.12,0.12,0.37,0.49,0,0,0,0,0.12,27,71,1,43,57,0,24.05,22.64,0.96,78,-1.41,23.01,17.76,0,0,0,0,0,,0,0,,0,0,0,0,0,0,16,8,2.98,20,0.04,0.05,0.08,0.00,,0.17,
Katrine Veje,,Toluca W,2026/2027,332,Central,0,0,0,,0,,,0,,0,0,0,0,0,0,0,0,0,0,0,0,0,0,0,0,0,,0.54,0,0.81,0.27,1.08,1.37,5.42,4.65,4.88,1.36,0.03,2.17,26.68,8.94,1.90,0.27,1.36,50,0.51,1.88,0.81,0,0.27,50,0.27,0,3.79,4.39,0.81,1.36,0,38.00,1.36,36,0.81,60,0.27,0,0,54.21,83,5.69,96,66,6.78,7.32,8,67,-17,41.79,6.78,0.67,0.67,51.23,98,6.02,6.78,0,0,0,0,0,0,0,,0,0,0,24,73,4,48,44,8,22.69,26.70,0.98,103,4.01,22.13,27.58,0,0,0,0,0,,0,0,,0,0,0,0,0,0,16,4,3.20,18,0.04,0.08,0.01,,,0.12,
Kelly Caicedo,,Pachuca W,2026/2027,806,Central,0,0,0.04,0.04,1.00,0,11,1,,0.00,0,0.02,0.67,0,0.02,0.67,0,0,0,0,0.06,1.67,-0.06,0.56,0.56,0,100,0.45,0,0.33,0.11,0.89,0.93,3.68,4.07,11.94,4.46,0.05,6.14,29.98,11.50,2.46,1.23,2.12,100,1.47,2.40,0.89,100,0,64,0.78,0,9.82,11.79,4.35,1.79,0.89,36.13,2.34,24,0.45,25,0.11,0,0,44.64,86,5.47,21,64,5.36,6.81,14,71,-15,34.94,3.13,0.47,0.50,35.83,99,4.54,3.57,0.11,0.11,0,0.11,1.45,1.56,0,0,0,,0.22,20,77,4,41,56,3,25.25,26.81,0.95,100,1.56,23.92,26.80,0,0,0,0,0,,0,0,,0,0,0,0,0,0,18,8,3.38,19,0.05,0.05,-0.14,-0.07,,-0.11,
Kimberly Rodríguez,,América W,2026/2027,667,Central,0.13,0.13,0.08,0.08,0.94,14,43,0,,0.14,0,0.02,0.40,0,0.02,0.40,0,0,0,0.13,0.10,1.35,0.03,0.13,0,0.13,0,0,0,0,0.54,1.08,1.55,2.16,3.35,8.90,4.18,0.07,4.59,33.35,11.60,4.18,1.62,2.70,92,2.68,4.23,1.35,0,0.13,76,2.16,0,5.93,8.97,3.10,1.08,0.81,37.16,1.62,27,0.67,63,0.27,0,0,62.30,89,5.26,78,71,2.83,6.74,9,73,-16,39.59,6.88,0.87,0.92,51.78,99,4.94,8.23,0.54,0.54,0,0,2.02,2.56,0,0,0,0,0,34,63,3,46,48,7,22.14,20.16,0.96,97,-1.98,21.34,19.62,0,0,0,0,0,,0,0,,0,0,0,0,0,0,12,6,5.96,25,0.14,0.07,0.04,0.09,,0.34,
Laila Saravia,,Atlas W,2026/2027,683,Central,0,0,0.03,0.12,0.26,0,0,0,,0,0,0.03,0.26,0,0.03,0.26,0,0,0,0,0.06,0.53,-0.06,0.26,0.26,0,100,0.26,0,0.66,0.26,1.58,1.25,3.29,2.70,19.63,8.83,0.02,8.83,27.98,10.14,1.32,3.03,4.61,92,2.68,3.94,1.45,60,0.26,65,1.45,0,15.15,13.88,7.25,2.77,1.71,31.09,2.50,17,0.40,14,0.13,0,0,39.12,79,3.03,22,50,4.87,4.48,21,68,-11,32.41,1.05,0.13,0.21,30.96,97,4.36,1.45,0.13,0.13,0,0.13,0.79,0.92,0,100,0.13,100,0.13,28,66,5,27,73,0,22.98,24.16,0.95,93,1.18,21.83,22.58,0,0,0,0,0,,0,0,,0,0,0,0,0,0,28,11,2.02,19,0.00,0.04,0.01,-0.03,,0.03,
Laveni Vaka,,Santos Laguna W,2026/2027,569,Central,0,0,0.07,0.11,0.63,0,25,0,,0.14,0,0,0,0,0,0,0,0,0,0,0.07,0.63,-0.07,0,0,0,,0,0,0.47,0,0.47,0.34,5.06,2.65,9.97,4.75,0.05,5.22,20.07,5.06,0.63,1.42,1.90,90,0.77,1.11,1.27,50,0.16,55,0.95,0,7.59,3.94,3.32,0.79,0.32,25.24,0.63,8,0,0,0.16,0,0,23.26,79,1.90,19,39,5.22,4.75,10,65,-15,32.74,0.63,0.19,0.19,18.67,98,3.57,0.63,0,0,0,0,0.95,0.95,0,,0,0,0,32,64,4,25,75,0,25.34,23.15,0.85,94,-2.20,21.64,21.84,0,0,0,0,0,,0,0,,0,0,0,0,0,0,28,10,1.87,14,0.02,0.03,-0.02,0.10,,0.13,
Leighanne Robe,,Pumas UNAM W,2026/2027,163,Central,0,0,0,,0,,,0,,0,0,0,0,0,0,0,0,0,0,0,0,0,0,0,0,0,,0,0,0,0.55,2.76,3.71,7.18,10.55,13.81,6.63,0.05,7.18,26.20,9.39,1.10,2.21,4.97,80,3.21,6.92,1.66,67,0.55,33,0.55,0.55,9.94,11.80,5.52,2.21,1.66,29.16,0.55,6,0,0,0.55,0,0,38.12,81,8.29,11,71,7.18,11.60,12,78,-3,34.48,4.42,0.30,0.30,30.38,100,4.98,3.87,0,0,0,0,0,0,0,,0,,0,25,70,5,29,71,0,29.13,17.98,0.98,102,-11.15,28.55,18.30,0,0,0,0,0,,0,0,,0,0,0,0,0,0,19,7,2.15,11,0.07,0.00,0.08,,,0.15,
Lia Shoenstatt Martínez Ramírez,,Puebla W,2026/2027,562,Central,0.16,0.16,0.02,0.13,0.16,100,100,0,,0.06,0,0,0,0,0,0,0,0,0,0.16,0.02,0.16,0.14,0.32,0.32,0,100,0.32,0,0.32,0.16,1.92,0.72,4.33,1.75,15.70,7.05,0.08,10.09,20.59,8.17,0.96,2.08,4.01,72,0.86,1.58,0.64,50,0.80,75,1.44,0,12.98,5.26,6.09,0.80,0.32,23.31,1.28,10,0.48,60,0.16,0,0,21.95,52,4.17,19,38,5.13,10.26,12,58,6,30.76,1.28,0.10,0.10,15.86,97,4.97,0.96,0,0,0,0,0.32,0.32,0,,0,,0,52,38,10,67,33,0,32.25,24.25,0.83,121,-8.00,26.62,29.34,0,0,0,0,0,,0,0,,0,0,0,0,0,0,50,11,2.21,19,0.02,0.04,0.07,0.00,,0.14,
Liliana Harvey,,Toluca W,2026/2027,742,Central,0.24,0.24,0.05,0.09,0.49,50,50,0,,0.12,0,0.01,0.24,0,0.01,0.24,0,0,0,0.24,0.06,0.73,0.18,0.24,0.12,0.12,50,0.49,0,0,0.61,0.73,0.85,3.52,4.22,6.91,2.67,0.05,5.09,26.85,10.79,1.70,0.85,1.58,88,0.92,1.76,0.12,100,0.12,60,1.09,0,5.94,7.03,3.64,0.49,0.12,35.39,1.70,29,0,0,0.12,0,0,49.71,86,4.37,31,55,4.12,7.28,8,63,-23,34.54,3.52,0.24,0.26,42.20,99,5.08,3.27,0.49,0.36,0.12,0,0.97,1.33,0,0,0,0,0,23,73,4,59,33,7,23.74,24.16,0.93,87,0.42,22.00,21.01,0,0,0,0,0,,0,0,,0,0,0,0,0,0,15,6,2.10,14,0.05,0.08,-0.05,0.03,,0.11,
Lourdes de León,,Necaxa W,2026/2027,785,Central,0,0,0,,0,,,0,,0,0,0.00,0.11,0,0.00,0.11,0,0,0,0,0.00,0.11,0.00,0,0,0,,0.11,0,0.23,0.34,1.03,0.55,5.96,2.34,17.21,8.60,0.03,8.49,26.02,8.49,1.15,1.61,2.64,70,0.69,1.24,1.26,33,0.69,52,1.49,0.23,14.34,5.85,6.08,2.75,0.80,29.91,2.29,16,0.92,33,0.11,0,0,18.24,59,1.61,13,32,7.11,3.90,19,52,-8,33.95,0.92,0.04,0.04,11.47,97,5.90,0.80,0,0,0,0,0,0,0,,0,,0,44,54,2,57,43,0,25.30,23.25,0.85,75,-2.05,21.50,17.34,0,0,0,0,0,,0,0,,0,0,0,0,0,0,38,8,1.00,11,0.05,0.02,-0.13,,,-0.05,
Maria Fátima Barone Mora,,Querétaro W,2026/2027,734,Central,0.12,0.12,0.01,0.04,0.25,50,50,0,,0.03,0,0.00,0.25,0,0.00,0.25,0,0,0,0.12,0.01,0.49,0.11,0.74,0.61,0.12,83,0.25,0,0.25,0.25,1.35,1.10,4.91,3.99,10.79,4.66,0.05,6.62,24.02,6.26,0.74,1.47,2.82,86,1.36,2.46,1.47,50,0.25,50,0.61,0,7.97,6.40,4.42,1.23,0.12,29.39,1.23,15,0.49,40,0.25,0,0,40.48,75,3.93,84,36,6.75,9.08,13,59,-16,32.47,2.70,0.28,0.29,35.45,99,5.35,2.21,0.25,0.12,0.12,0,0.49,0.61,0,0,0,,0,37,62,2,50,50,0,27.31,27.55,0.85,80,0.24,23.30,22.12,0,0,0,0,0,,0,0,,0,0,0,0,0,0,20,5,3.20,26,0.06,0.06,-0.02,-0.03,,0.07,
Mariana Cadena,,Juárez W,2026/2027,265,Central,0,0,0.02,0.05,0.34,0,0,0,,0,0,0,0,0,0,0,0,0,0,0,0.02,0.34,-0.02,0.68,0,0.68,0,0,0,0.34,0.68,2.71,3.42,5.09,5.81,11.20,6.45,0.03,5.77,25.52,10.52,2.38,2.04,4.75,75,2.31,5.73,1.70,33,0.68,100,2.04,0.68,7.46,9.15,3.39,1.02,0.34,33.98,2.04,27,0.68,67,0,0,0,46.82,77,4.75,84,61,5.43,7.46,10,47,-30,33.09,4.07,0.09,0.09,35.29,97,3.94,4.41,0,0,0,0,0.68,0.68,0,,0,,0,36,63,1,69,31,0,23.82,15.19,0.96,125,-8.62,22.80,19.03,0,0,0,0,0,,0,0,,0,0,0,0,0,0,19,5,1.80,18,0.08,0.02,0.11,-0.03,,0.18,
Mariza,,Tigres UANL W,2026/2027,757,Central,0.12,0.12,0.02,0.06,0.24,50,50,0,,0.08,0.12,0.06,0.71,0.12,0.06,0.71,0,0,0,0.24,0.07,0.95,0.17,0.12,0.12,0,100,0.48,0,0,0,0.83,1.12,4.16,5.60,7.96,4.28,0.04,4.16,25.37,14.02,4.04,1.66,2.50,78,2.27,3.38,0.83,50,0.48,50,0.71,0,5.47,7.34,2.26,1.19,0.59,32.28,1.31,24,0.59,50,0.24,0,0.12,64.17,84,7.25,26,64,5.35,10.22,7,59,-25,39.54,5.35,0.63,0.65,53.59,100,5.73,5.82,0.12,0.12,0,0.12,0.71,0.83,0.12,0,0,0,0.24,27,71,2,39,59,2,24.16,27.36,0.94,86,3.20,22.65,23.47,0,0,0,0,0,,0,0,,0,0,0,0,0,0,16,7,6.16,28,0.04,0.12,0.06,0.06,,0.28,
María Alejandra Peraza Romero,,Puebla W,2026/2027,856,Central,0.11,0.11,0.05,0.10,0.53,20,40,0,,0.07,0,0.02,0.21,0,0,0,0,0.02,0.21,0.11,0.07,0.74,0.04,0.42,0.32,0.11,75,0.42,0,0.11,0.42,1.79,0.54,5.15,1.97,13.98,6.73,0.04,6.83,22.32,7.36,0.63,2.21,3.99,81,0.76,1.30,1.05,73,0.53,67,1.89,0.32,10.72,3.73,3.89,1.16,0.53,26.09,0.63,6,0.11,9,0.32,0,0,17.34,54,2.52,23,35,5.47,6.94,12,46,-8,29.86,0.84,0.15,0.15,13.14,95,3.95,0.32,0.32,0,0.32,0,1.16,1.16,0,33,0.11,100,0,56,43,1,0,100,0,28.51,14.80,0.87,102,-13.71,24.85,15.14,0,0,0,0,0,,0,0,,0,0,0,0,0,0,45,8,0.78,7,-0.02,0.04,-0.08,0.04,,-0.02,
Mitsy Ramirez,,Toluca W,2026/2027,142,Central,0,0,0.34,0.18,1.91,0,0,1,,0,0,0.01,0.64,0,0.01,0.64,0,0,0,0,0.34,2.54,-0.34,0,0,0,,0,0,0,0,0,0,3.81,3.58,10.80,6.99,0.05,8.26,25.00,12.07,3.81,2.54,2.54,80,4.82,4.82,0,0,0.64,100,1.91,0,8.26,10.19,4.45,2.54,1.27,29.04,1.91,23,0.64,25,0,0,0,83.88,92,10.17,7,73,5.72,12.07,3,25,-67,39.87,3.18,0.53,0.92,73.71,100,4.41,4.45,1.27,1.27,0,0,2.54,3.81,0,0,0,,1.27,24,73,2,29,57,14,23.70,39.17,0.94,10,15.47,22.31,3.98,0,0,0,0,0,,0,0,,0,0,0,0,0,0,8,2,5.59,26,0.13,0.09,0.08,0.11,,0.42,
Natalia Colin,,Guadalajara W,2026/2027,560,Central,0,0,0.12,0.13,0.96,0,17,0,,0.03,0,0.02,0.32,0,0.02,0.16,0,0.00,0.16,0,0.15,1.28,-0.15,0.16,0,0.16,0,0.64,0,0.48,0.32,0.32,0.32,3.37,3.42,14.13,6.91,0.08,6.10,28.29,10.92,2.41,2.41,2.73,71,1.99,2.31,0.48,55,0.96,64,1.12,0,11.24,9.69,3.85,2.09,1.12,30.59,1.61,14,0.96,46,0,0,0,38.22,77,4.82,21,54,4.34,8.03,12,70,-7,36.31,3.69,0.31,0.37,32.76,98,6.35,4.01,0.48,0.48,0,0,2.41,2.89,0.48,0,0,0,0.32,33,63,4,36,60,4,25.79,23.31,0.94,95,-2.48,24.30,22.04,0,0,0,0,0,,0,0,,0,0,0,0,0,0,23,7,4.27,22,0.03,0.08,0.12,-0.15,,0.08,
Ofelia Benitez,,Atlante W,2026/2027,147,Central,0,0,0,,0,,,0,,0,0,0,0,0,0,0,0,0,0,0,0,0,0,0,0,0,,0,0,0.61,0.61,2.45,1.25,8.58,4.28,6.13,4.29,0,1.84,23.01,17.16,4.29,1.23,3.68,67,0.62,1.87,0,0,0.61,50,0.61,0,4.90,2.48,0,0.61,0,32.19,0.61,13,0,0,0,0,0,34.94,66,1.84,44,60,9.81,1.84,22,38,-27,36.74,1.23,0.04,0.04,20.84,94,2.86,1.84,0,0,0,0,0,0,0,,0,,0,50,48,2,33,67,0,19.55,24.96,0.93,109,5.41,18.20,27.16,0,0,0,0,0,,0,0,,0,0,0,0,0,0,34,9,1.47,18,0.06,0.03,0.05,,,0.14,
Osinachi Ohale,,Pachuca W,2026/2027,198,Central,0,0,0.08,0.09,0.91,0,0,0,,0,0,0,0,0,0,0,0,0,0,0,0.08,0.91,-0.08,0,0,0,,0.46,0,0,0,0.91,0.83,5.01,5.31,20.48,11.38,0,9.10,30.03,9.56,3.19,2.28,3.19,100,2.83,3.66,3.64,100,0,71,2.28,0,15.02,15.94,5.46,3.19,0.91,32.84,3.19,21,1.37,43,0.46,0,0,47.78,77,2.73,11,46,6.37,4.55,17,44,-32,37.42,3.64,0.40,0.40,40.96,100,6.45,3.19,0.46,0.46,0,0,2.28,2.73,0,0,0,,0,31,64,5,57,43,0,21.30,20.67,0.99,119,-0.63,21.16,24.51,0,0,0,0,0,,0,0,,0,0,0,0,0,0,26,7,1.59,8,-0.09,0.10,0.01,-0.03,,-0.01,
Portia Boakye,,Pumas UNAM W,2026/2027,99,Central,0,0,0,,0,,,0,,0,0,0.02,0.91,0,0.02,0.91,0,0,0,0,0.02,0.91,-0.02,0.91,0.91,0,100,2.72,0,0,0,0,0,2.72,4.22,10.88,7.25,0,4.53,41.26,19.04,2.72,1.81,1.81,100,2.81,2.81,0.91,,0,33,0.91,0.91,8.16,12.65,2.72,0.91,0,48.12,4.53,56,0.91,100,0,0,0,74.33,86,8.16,83,82,3.63,9.06,14,50,-36,33.69,1.81,0.52,0.52,62.55,100,3.64,2.72,0,0,0,0,0,0,0,,0,,0,23,76,1,67,33,0,24.88,22.46,0.98,98,-2.43,24.39,22.01,0,0,0,0,0,,0,0,,0,0,0,0,0,0,19,6,4.62,32,0.07,0.07,0.00,,,0.14,
Regina  Aguirre,,Atlético San Luis W,2026/2027,198,Central,0,0,0.05,0.06,0.91,0,0,0,,0,0,0,0,0,0,0,0,0,0,0,0.05,0.91,-0.05,0,0,0,,0.46,0,0,0,0.46,0.28,6.37,6.37,8.65,5.46,0.09,5.92,22.45,8.19,1.37,2.28,2.73,71,1.92,2.20,0.46,33,0.91,40,0.91,0.46,6.37,7.05,3.19,1.37,0.46,31.11,0.91,14,0.46,33,0,0,0,40.50,82,5.46,8,67,7.74,6.83,9,44,-38,28.56,1.82,0.41,0.43,30.95,100,4.55,1.37,0.46,0,0.46,0,1.82,1.82,0,0,0,,0,29,69,2,67,33,0,23.22,24.20,0.96,114,0.98,22.22,27.47,0,0,0,0,0,,0,0,,0,0,0,0,0,0,19,3,3.37,21,0.11,0.03,-0.07,-0.09,,-0.01,
Rocío Gálvez,,Juárez W,2026/2027,870,Central,0.10,0.10,0.12,0.15,0.83,13,50,0,,0.19,0,0,0,0,0,0,0,0,0,0.10,0.12,0.83,-0.02,0.52,0.52,0,100,0.10,0.10,0.21,0.62,1.55,1.80,3.83,4.85,8.37,3.52,0.11,3.83,30.04,10.75,2.38,0.93,2.48,69,1.21,3.01,1.34,86,0.41,65,1.14,0,6.20,7.76,2.38,1.14,0.31,35.97,1.65,27,0.41,36,0.10,0,0,48.80,90,6.82,20,86,4.14,7.65,9,70,-20,36.65,4.24,0.29,0.37,40.84,98,4.52,5.17,0.21,0.21,0,0.10,1.76,1.96,0.10,0,0,,0.10,26,72,2,34,66,0,23.85,20.40,0.99,101,-3.45,23.61,20.66,0,0,0,0,0,,0,0,,0,0,0,0,0,0,13,6,2.32,15,0.11,0.12,0.11,0.12,,0.45,
Samantha López,,Guadalajara W,2026/2027,552,Central,0,0,0.01,0.04,0.33,0,50,0,,0.07,0,0.02,0.33,0,0.02,0.33,0,0,0,0,0.04,0.65,-0.04,1.96,1.63,0.33,83,2.28,0,0.98,0.65,2.28,2.86,2.28,2.52,13.85,6.84,0.05,7.66,32.74,11.41,2.61,1.14,3.42,70,1.35,4.20,0.98,33,0.49,67,1.63,0,11.73,12.77,5.38,1.79,0.81,36.91,3.59,31,1.14,64,0,0,0,42.53,74,6.68,76,65,3.10,9.45,9,72,-2,32.62,4.07,0.18,0.28,39.93,96,5.21,4.24,0.16,0.16,0,0,0.33,0.49,0,100,0.16,33,0,33,64,4,42,58,0,25.47,21.98,0.96,93,-3.49,24.42,20.44,0,0,0,0,0,,0,0,,0,0,0,0,0,0,27,8,4.07,24,0.05,0.10,0.05,0.01,,0.21,
Sarina Cuellar,,Santos Laguna W,2026/2027,48,Central,0,0,0,,0,,,0,,0,0,0,0,0,0,0,0,0,0,0,0,0,0,1.87,1.87,0,100,0,0,0,0,0,0,1.87,0.89,11.23,5.62,0.33,7.49,12.26,7.49,0,0,0,,0,0,3.74,,0,100,1.87,0,7.49,3.54,5.62,1.87,0,16.52,0,0,0,0,1.87,0,0,31.82,61,1.87,30,17,1.87,11.23,6,100,39,36.27,0,0,0,28.08,100,4.52,0,0,0,0,0,0,0,0,,0,,0,33,61,6,,,,27.37,9.62,0.72,100,-17.75,19.66,9.62,0,0,0,0,0,,0,0,,0,0,0,0,0,0,56,17,0.19,1,-0.03,0.05,-1.11,,,-1.09,
Sasha Pickard,,Santos Laguna W,2026/2027,899,Central,0.10,0.10,0.07,0.13,0.50,20,60,0,,0.13,0,0.01,0.10,0,0.01,0.10,0,0,0,0.10,0.07,0.60,0.03,0.30,0.10,0.20,33,0.40,0,0.10,0.50,0.90,0.55,6.01,3.16,11.41,5.71,0.04,6.11,23.61,9.61,1.50,1.90,2.80,86,1.06,1.61,0.60,70,0.30,58,1.40,0.10,8.91,4.72,4.00,1.30,0.40,31.63,2.10,24,0.90,69,0.30,0,0,26.43,68,2.70,31,40,6.11,6.61,10,71,3,33.64,2.00,0.16,0.20,18.42,97,3.76,2.00,0.20,0,0.20,0.10,0.90,0.90,0.10,0,0,0,0,44,50,5,50,40,10,24.66,18.55,0.92,101,-6.11,22.75,18.80,0,0,0,0,0,,0,0,,0,0,0,0,0,0,34,9,2.17,18,0.07,0.04,0.06,0.02,,0.20,
Selene Itzel Valera Cortez,,Atlante W,2026/2027,665,Central,0,0,0.00,0.01,0.14,0,0,0,,0,0,0,0,0,0,0,0,0,0,0,0.00,0.14,0.00,0.14,0.14,0,100,1.49,0,0.14,0.27,1.89,1.79,4.06,2.62,8.66,4.20,0.04,5.28,22.30,12.72,1.89,0.81,2.71,67,0.64,2.43,0.27,40,0.41,50,0.27,0,7.58,5.91,3.65,2.17,0.54,26.45,1.22,16,0.81,38,0.14,0,0,24.90,76,1.22,8,35,4.74,2.84,21,68,-9,30.16,0.81,0.10,0.10,19.22,98,5.34,1.22,0,0,0,0,0,0,0,,0,,0,30,64,6,33,67,0,21.87,21.87,0.86,83,0.01,18.77,18.08,0,0,0,0,0,,0,0,,0,0,0,0,0,0,29,10,0.87,8,0.02,0.08,0.09,0.00,,0.18,
Susan Ama Duah,,Tigres UANL W,2026/2027,50,Central,0,0,0,,0,,,0,,0,0,0,0,0,0,0,0,0,0,0,0,0,0,0,0,0,,0,0,0,3.59,0,0,1.79,3.21,3.59,0,0,0,32.51,7.18,0,0,0,,0,0,0,,0,0,0,0,3.59,6.41,0,0,0,47.05,1.79,50,0,,0,0,0,64.58,86,3.59,19,100,1.79,3.59,0,,,36.92,3.59,0.27,0.27,55.61,100,3.66,3.59,0,0,0,0,3.59,3.59,0,,0,,0,31,67,3,100,0,0,21.28,,1.00,,,21.28,,0,0,0,0,0,,0,0,,0,0,0,0,0,0,17,14,4.49,32,0.06,0.08,-0.01,,,0.13,
Talia Coury,,Tigres UANL W,2026/2027,131,Central,0,0,0,,0,,,0,,0,0,0.02,0.69,0,0.02,0.69,0,0,0,0,0.02,0.69,-0.02,2.06,1.37,0.69,67,1.37,0,0.69,0.69,2.06,2.67,0.69,0.63,15.08,7.54,0.22,5.48,28.35,10.97,2.74,2.74,4.80,100,4.50,7.17,3.43,100,0,100,1.37,0,8.91,14.51,2.74,3.43,0,29.95,0.69,8,0.69,20,1.37,0.69,0,49.35,84,4.11,31,86,1.37,4.11,9,71,-13,36.08,2.74,0.06,0.07,42.50,97,8.64,4.11,0,0,0,0,0,0,0,,0,,0,19,80,1,17,83,0,20.72,22.68,0.97,96,1.96,20.17,21.74,0,0,0,0,0,,0,0,,0,0,0,0,0,0,12,5,2.40,14,-0.02,0.13,0.25,,,0.37,
Tanna Sánchez,,Cruz Azul W,2026/2027,492,Central,0,0,0.03,0.04,0.73,0,25,1,,0.00,0,0.02,0.55,0,0.02,0.55,0,0,0,0,0.05,1.28,-0.05,0.37,0.18,0.18,50,0.37,0,0.18,0.55,0.18,0.09,4.75,4.60,10.05,4.94,0.17,5.85,23.60,10.42,2.19,1.46,1.65,89,1.67,1.76,0.91,0,0.18,67,0.73,0.37,7.68,7.72,3.29,0.91,0.18,33.61,2.19,29,0.73,80,0,0,0,42.05,79,5.12,8,51,5.85,8.96,11,54,-25,35.68,3.29,0.30,0.30,34.37,98,7.25,3.84,0,0,0,0.37,1.83,1.83,0,,0,,0.55,40,58,2,48,52,0,26.00,21.03,0.90,109,-4.97,23.34,22.94,0,0,0,0,0,,0,0,,0,0,0,0,0,0,22,7,4.42,29,0.07,0.06,0.02,-0.04,,0.11,
V.Delgado,,Atlas W,2026/2027,878,Central,0,0,0.04,0.14,0.31,0,0,0,,0,0,0.02,0.31,0,0.02,0.31,0,0,0,0,0.07,0.61,-0.07,0.10,0.10,0,100,0.20,0,0.31,0.41,2.25,2.15,5.94,5.46,14.35,5.64,0.07,9.02,24.81,11.58,1.33,2.05,4.30,80,2.24,4.39,1.02,73,0.51,79,1.95,0.10,11.27,10.78,5.53,1.64,0.92,29.93,1.64,15,0.51,31,0.10,0,0,43.45,80,3.28,33,45,7.07,6.15,16,68,-12,30.10,1.02,0.21,0.22,35.86,98,5.71,0.92,0.10,0.10,0,0,0.72,0.82,0,0,0,0,0,32,65,3,56,44,0,23.99,23.26,0.91,93,-0.73,21.76,21.54,0,0,0,0,0,,0,0,,0,0,0,0,0,0,23,9,1.58,15,0.03,0.03,-0.01,0.00,,0.05,
Valeria Aurora Miranda Rodríguez,,Cruz Azul W,2026/2027,575,Central,0,0,0.02,0.07,0.31,0,0,0,,0,0,0,0,0,0,0,0,0,0,0,0.02,0.31,-0.02,0.16,0,0.16,0,0.78,0,0.63,0.31,0.78,0.85,3.92,5.04,15.66,7.20,0.04,8.93,26.79,14.25,2.35,2.35,3.13,79,2.74,3.59,0.78,33,0.63,82,1.41,0,12.53,15.25,6.73,1.88,0.94,29.17,1.88,15,0.47,25,0.47,0,0,55.13,82,2.35,77,43,5.48,3.92,15,67,-14,31.35,1.57,0.34,0.34,42.13,98,4.63,2.04,0,0,0,0,0.63,0.63,0,,0,,0,32,64,4,62,38,0,21.20,22.59,0.94,90,1.39,19.89,20.28,0,0,0,0,0,,0,0,,0,0,0,0,0,0,24,9,3.32,19,0.05,0.06,0.23,-0.02,,0.32,
Valeria Del Campo,,Monterrey W,2026/2027,754,Central,0.48,0.36,0.20,0.18,1.07,33,56,1,100,0.31,0,0.04,0.36,0,0.04,0.36,0,0,0,0.36,0.23,1.43,0.12,0.96,0.72,0.24,75,1.19,0.12,0.48,0.72,1.43,1.91,3.82,5.37,12.30,4.54,0.03,6.33,30.70,11.35,2.75,1.67,3.11,74,2.15,4.07,1.31,44,0.60,63,1.79,0.24,9.32,13.12,4.06,1.91,0.84,37.36,2.39,26,1.07,56,0.36,0,0,50.52,82,4.30,26,51,4.30,7.88,12,83,1,36.03,3.22,0.28,0.42,43.95,98,5.42,3.46,0.60,0.60,0,0,1.19,1.79,0,20,0.12,100,0.12,30,67,3,31,66,3,23.58,20.00,0.92,99,-3.58,21.61,19.72,0,0,0,0,0,,0,0,,0,0,0,0,0,0,20,7,2.09,10,0.05,0.16,-0.02,0.13,,0.32,
Viridiana Mata,,Atlético San Luis W,2026/2027,245,Central,0,0,0,,0,,,0,,0,0,0.03,0.37,0,0.03,0.37,0,0,0,0,0.03,0.37,-0.03,0.37,0.37,0,100,0.37,0,0.37,0.37,1.84,0.63,4.04,2.63,13.60,6.62,0.07,5.15,29.81,4.41,0.37,1.10,2.94,100,0.48,1.11,0.74,100,0,57,1.47,0,11.76,8.31,4.04,1.84,1.10,35.06,2.94,25,1.47,80,0,0,0,21.69,75,2.21,17,55,4.41,3.68,8,20,-55,32.74,0.37,0.16,0.19,15.80,98,3.52,0.74,0.74,0.74,0,0,0.37,1.10,0,50,0.37,100,0,20,72,8,0,100,0,21.67,22.92,0.94,48,1.25,20.46,10.91,0,0,0,0,0,,0,0,,0,0,0,0,0,0,30,13,2.13,14,0.06,0.00,0.16,,,0.22,
Yunaira Jessely López Moreno,,Juárez W,2026/2027,108,Central,0,0,0.06,0.07,0.84,0,0,0,,0,0,0,0,0,0,0,0,0,0,0,0.06,0.84,-0.06,0.84,0.84,0,100,0.84,0,0,0.84,0,0,0,0,9.19,3.34,0,2.51,26.68,14.20,4.18,0.84,0.84,100,0.72,0.72,1.67,,0,67,1.67,0,6.68,8.22,2.51,0.84,0.84,23.22,0,0,0,0,0,0,0,45.10,89,1.67,9,40,0,4.18,8,80,-9,42.28,4.18,0.08,0.19,40.93,98,3.11,5.01,0,0,0,0,2.51,2.51,0,,0,,0,22,70,8,33,50,17,20.08,10.87,0.95,110,-9.21,18.99,11.93,0,0,0,0,0,,0,0,,0,0,0,0,0,0,10,3,1.75,18,0.08,0.00,0.02,-0.07,,0.02,
Alejandra Calderón,,Monterrey W,2026/2027,652,Lateral,0,0,0,,0,,,0,,0,0,0.11,0.97,0,0.11,0.97,0,0,0,0,0.11,0.97,-0.11,1.52,1.10,0.41,73,1.52,0.28,1.24,1.52,1.93,2.54,1.93,2.77,17.53,7.59,0.03,6.35,38.29,13.11,4.28,3.45,5.38,93,4.78,7.32,0.28,75,0.28,64,0.97,0.14,13.80,18.86,4.83,4.00,1.52,41.48,4.97,36,3.04,76,0,0,0,43.34,78,1.10,23,53,2.07,1.93,12,71,-8,52.13,5.94,0.48,0.51,40.17,94,4.48,11.46,0.83,0.69,0.14,0.14,0.28,0.97,0,50,0.41,25,0,28,63,9,31,57,12,16.36,14.10,0.97,114,-2.26,15.92,16.04,0,0,0,0,0,,0,0,,0,0,0,0,0,0,27,11,7.25,33,0.12,0.29,0.03,,,0.44,
Alejandra Guerrero,,Pumas UNAM W,2026/2027,637,Lateral,0,0,0.03,0.03,0.85,0,50,1,,0.06,0.28,0.12,1.27,0.14,0.12,1.13,0.14,0.00,0.14,0.28,0.15,2.12,0.14,1.13,0.57,0.57,50,0.99,0,1.41,1.55,1.41,1.32,1.41,1.48,13.99,6.22,0.04,6.93,40.44,10.60,5.09,2.12,3.53,75,2.42,3.75,1.13,64,0.71,20,0.28,0,10.88,13.15,4.38,1.70,0.71,42.52,4.52,42,1.27,75,0,0,0,33.50,82,1.70,12,55,1.55,2.97,11,76,-6,53.10,4.10,0.68,0.73,31.94,91,3.20,9.75,0.85,0.71,0.14,0.28,1.70,2.40,0,50,0.42,25,0.28,20,70,10,25,64,12,17.35,14.32,0.95,113,-3.03,16.57,16.25,0,0,0,0,0,,0,0,,0,0,0,0,0,0,21,10,5.89,31,0.18,0.08,0.02,0.02,,0.31,
Alexa Danae Gutiérrez Acosta,,Necaxa W,2026/2027,592,Lateral,0,0,0.03,0.09,0.30,0,50,0,,0.00,0,0.14,0.61,0,0.03,0.15,0,0.11,0.46,0,0.17,0.91,-0.17,0.30,0,0.30,0,0.91,0,0.61,1.06,1.06,0.37,4.72,1.73,16.58,9.28,0.02,6.54,26.85,8.22,2.13,3.19,4.26,66,0.71,1.08,1.52,39,1.67,42,0.76,0,12.02,3.45,4.26,1.83,0.91,31.43,2.28,19,1.06,58,0.15,0,0,15.21,49,1.67,21,26,5.48,5.63,14,52,3,40.24,1.83,0.05,0.10,10.19,90,4.05,1.37,0.76,0.15,0.61,0.15,0.76,0.91,0,0,0.15,50,0.15,50,46,4,33,67,0,25.33,20.79,0.84,88,-4.54,21.18,18.35,0,0,0,0,0,,0,0,,0,0,0,0,0,0,49,10,2.50,33,0.14,0.04,0.13,-0.03,,0.28,
Alexandra Guadalupe Godínez García,,Monterrey W,2026/2027,447,Lateral,0.20,0.20,0.04,0.05,0.81,25,50,1,,0.18,0,0.02,0.20,0,0.02,0.20,0,0,0,0.20,0.05,1.01,0.15,1.01,0.60,0.40,60,0.20,0,2.02,2.22,0.81,1.06,1.61,2.13,22.37,7.05,0.04,8.06,41.19,12.09,5.24,4.03,4.84,80,5.89,6.95,1.41,63,1.01,60,1.21,0.20,16.93,23.27,6.45,4.03,2.02,42.45,6.45,38,2.02,50,0.20,0,0,41.92,81,1.41,19,58,1.81,2.22,10,70,-11,51.84,6.05,0.65,0.67,38.50,90,4.55,9.67,0.81,0.60,0.20,0,1.21,1.81,0,0,0.20,25,0,23,63,13,35,54,10,17.20,14.41,0.99,91,-2.79,17.09,13.14,0,0,0,0,0,,0,0,,0,0,0,0,0,0,25,14,8.32,32,0.10,0.07,-0.06,0.14,,0.25,
Alika Sánchez,,Puebla W,2026/2027,556,Lateral,0,0,0,,0,,,0,,0,0,0.01,0.32,0,0.01,0.32,0,0,0,0,0.01,0.32,-0.01,0.16,0.16,0,100,0.81,0,0.16,0.16,1.13,0.50,4.69,1.64,24.43,13.43,0.01,8.74,26.06,6.63,0.97,3.88,5.01,65,1.38,1.88,1.13,57,2.10,20,0.16,0,19.41,7.37,5.99,1.78,0.65,28.10,2.75,14,0.65,36,0,0,0,17.15,55,1.78,12,28,5.34,5.82,8,57,2,44.53,2.26,0.03,0.03,11.00,97,2.21,1.62,0.97,0,0.97,0,0,0,0,17,0.16,100,0,59,38,3,80,20,0,25.88,27.69,0.85,81,1.81,21.95,22.31,0,0,0,0,0,,0,0,,0,0,0,0,0,0,46,14,1.67,16,0.12,0.01,0.02,,,0.15,
Ana Rosa García López,,Cruz Azul W,2026/2027,150,Lateral,0,0,0.21,0.09,2.40,0,50,2,,0.49,0,0.05,0.60,0,0.05,0.60,0,0,0,0,0.26,3.00,-0.26,3.60,3.00,0.60,83,1.80,0,0.60,2.40,0,0,5.39,6.20,28.17,12.58,0,13.18,40.92,13.78,7.79,4.79,4.79,80,6.48,6.48,1.80,50,1.20,100,3.00,0,22.77,31.13,8.99,4.19,2.40,45.21,8.99,39,3.60,86,0,0,0,46.14,68,0.60,17,20,5.99,2.40,12,42,-26,49.47,5.99,0.83,0.89,46.14,95,4.45,5.99,0.60,0.60,0,0,4.19,4.79,0,100,0.60,17,0,47,48,5,50,40,10,18.23,17.49,0.90,98,-0.74,16.41,17.22,0,0,0,0,0,,0,0,,0,0,0,0,0,0,33,12,7.25,31,0.29,0.15,-0.03,0.39,,0.80,
Angélica Araceli Torres Muñoz,,Cruz Azul W,2026/2027,302,Lateral,0,0,0.00,0.01,0.30,0,0,0,,0,0,0.04,0.30,0,0.04,0.30,0,0,0,0,0.04,0.60,-0.04,0.30,0.30,0,100,0.30,0,0.89,0.60,1.19,1.27,2.09,2.70,14.90,7.45,0,7.75,40.92,8.34,2.38,1.49,2.68,50,1.63,2.91,0,17,1.49,22,0.60,0,13.41,15.56,5.96,3.87,1.79,42.27,5.36,40,2.38,62,0,0,0,36.65,75,1.49,13,50,2.38,2.68,17,61,-14,47.13,5.66,0.15,0.20,29.50,95,4.69,6.26,0.30,0.30,0,0,0.30,0.60,0,100,0.30,50,0,37,50,13,52,33,14,17.56,15.85,0.96,92,-1.71,16.83,14.66,0,0,0,0,0,,0,0,,0,0,0,0,0,0,24,10,2.29,16,0.08,0.05,0.04,-0.01,,0.16,
Anika Rodriguez,,Tigres UANL W,2026/2027,268,Lateral,0,0,0.00,0.01,0.34,0,0,0,,0,0,0.06,0.67,0,0.06,0.67,0,0,0,0,0.06,1.01,-0.06,1.01,0.67,0.34,67,1.68,0,1.34,1.01,1.34,2.40,2.35,2.16,15.79,6.38,0,8.06,44.07,10.41,3.70,3.02,4.37,75,4.28,6.68,1.01,57,1.01,33,0.34,0,11.76,17.26,6.38,2.02,1.34,45.56,5.71,49,1.34,67,0.34,0,0,45.35,79,3.02,15,43,3.02,6.38,6,64,-15,49.55,5.71,0.41,0.45,42.66,95,4.02,10.75,2.02,1.34,0.67,0,0.67,2.02,0.34,50,1.01,43,0,26,60,14,41,50,9,19.61,19.51,0.93,93,-0.10,18.20,18.20,0,0,0,0,0,,0,0,,0,0,0,0,0,0,23,7,3.73,24,0.15,0.09,0.02,-0.02,,0.25,
Arantza Segura,,América W,2026/2027,60,Lateral,0,0,0,,0,,,0,,0,0,0.31,1.49,0,0.31,1.49,0,0,0,0,0.31,1.49,-0.31,0,0,0,,0,0,0,1.49,4.48,8.39,1.49,2.80,23.91,4.48,0,10.46,42.68,14.95,8.97,4.48,8.97,100,8.39,16.78,1.49,100,0,100,1.49,0,17.94,33.55,8.97,5.98,4.48,43.03,10.46,58,5.98,100,0,0,0,58.29,88,0,0,,1.49,0,9,100,12,53.96,10.46,0.92,1.23,50.82,97,2.06,16.44,2.99,2.99,0,0,0,2.99,0,50,1.49,100,0,37,51,12,27,64,9,15.26,11.31,1.01,100,-3.95,15.37,11.31,0,0,0,0,0,,0,0,,0,0,0,0,0,0,26,19,15.10,43,0.91,0.04,0.00,,,0.95,
Aurora Suárez,,Atlético San Luis W,2026/2027,695,Lateral,0,0,0.01,0.03,0.39,0,0,0,,0,0,0.15,1.16,0,0.09,0.39,0,0.06,0.78,0,0.16,1.55,-0.16,0.65,0.39,0.26,60,0.52,0,0.91,1.29,0.65,0.78,2.33,2.05,14.37,7.25,0.02,5.44,32.04,9.45,2.07,2.72,3.37,81,2.58,3.36,0.65,38,0.65,75,1.16,0,11.13,11.69,3.88,1.55,0.39,36.44,3.24,29,0.78,50,0.13,0,0,36.89,77,2.98,75,70,2.98,3.62,13,72,-5,45.52,4.66,0.30,0.38,31.06,95,4.81,4.53,1.81,0.52,1.29,0,0.26,0.78,0,21,0.65,45,0,39,53,8,51,43,6,19.29,16.10,0.98,98,-3.18,18.88,15.76,0,0,0,0,0,,0,0,,0,0,0,0,0,0,32,15,5.44,25,0.20,0.04,-0.03,-0.03,,0.18,
Berenice Hernández,,Pachuca W,2026/2027,469,Lateral,0,0,0.01,0.01,0.38,0,0,0,,0,0,0.08,1.15,0,0.08,1.15,0,0,0,0,0.08,1.54,-0.08,1.34,0.38,0.96,29,0.38,0,0.96,2.50,0.58,0.70,2.11,2.72,17.66,8.25,0.02,7.68,38.63,12.86,5.57,3.26,3.84,85,4.40,5.10,0.96,63,0.58,60,0.58,0,13.44,16.85,5.95,1.73,1.34,42.09,5.95,44,1.73,100,0.19,0,0,49.91,72,2.50,78,34,3.84,5.57,17,69,-3,50.78,7.10,0.43,0.47,46.07,93,4.39,9.21,0.77,0.77,0,0.19,0.38,1.15,0,0,0,0,0.19,30,60,10,23,65,13,19.05,19.87,0.86,87,0.82,16.44,17.20,0,0,0,0,0,,0,0,,0,0,0,0,0,0,30,11,5.34,32,0.19,0.08,-0.10,-0.01,,0.16,
Bibiana Guadalupe Quintos Galván,,Atlas W,2026/2027,878,Lateral,0,0,0.03,0.34,0.10,0,0,0,,0,0,0.00,0.10,0,0,0,0,0.00,0.10,0,0.04,0.20,-0.04,0.41,0.41,0,100,0.31,0,0.41,0.41,1.74,1.50,2.87,2.62,18.55,9.32,0.04,8.20,29.38,9.94,1.23,2.77,4.51,75,2.53,4.04,1.13,58,0.92,63,0.51,0,14.65,13.05,6.56,2.97,1.23,33.10,3.18,22,1.23,41,0,0,0,39.25,76,1.02,39,31,3.48,2.66,11,60,-15,40.89,2.87,0.18,0.18,30.02,97,3.25,3.59,0,0,0,0,0.41,0.41,0,,0.10,25,0,41,53,6,49,46,6,19.03,18.07,0.95,99,-0.96,18.15,17.92,0,0,0,0,0,,0,0,,0,0,0,0,0,0,32,14,1.75,16,0.16,0.03,0.12,0.02,,0.33,
C.Soto Diaz,,Santos Laguna W,2026/2027,848,Lateral,0.11,0.11,0.04,0.11,0.32,33,67,1,,0.06,0,0.04,0.64,0,0.04,0.53,0,0.00,0.11,0.11,0.08,0.96,0.03,1.49,0.74,0.74,50,1.38,0,0.96,1.38,2.34,1.22,3.40,1.60,26.86,14.54,0.01,9.66,32.71,12.00,3.29,4.56,6.90,77,2.57,3.79,1.49,48,1.38,33,0.53,0,20.81,10.87,7.01,3.29,1.06,35.97,5.31,26,1.38,42,0.42,0,0,30.47,68,1.91,20,37,3.93,4.67,9,55,-13,45.69,4.99,0.32,0.33,25.69,91,5.34,4.35,0.74,0.42,0.32,0,0.21,0.64,0,14,0.11,7,0,46,47,7,51,41,7,20.33,18.85,0.88,79,-1.48,17.87,14.98,0,0,0,0,0,,0,0,,0,0,0,0,0,0,32,13,2.91,24,0.11,0.10,0.07,0.02,,0.30,
D.Saavedra,,Cruz Azul W,2026/2027,871,Lateral,0,0,0.02,0.03,0.93,0,33,1,,0.02,0.10,0.13,1.45,0,0.06,0.72,0.10,0.07,0.72,0.10,0.16,2.38,-0.05,1.14,0.83,0.31,73,0.41,0,0.72,1.03,1.03,0.99,2.58,2.50,12.82,7.13,0.01,5.17,31.76,10.65,2.58,2.17,3.20,64,2.22,3.21,0.72,44,1.24,75,0.93,0,10.03,10.78,4.13,1.65,0.93,36.10,2.38,24,0.72,44,0.21,0,0,41.66,76,2.27,89,41,3.00,5.17,12,74,-2,46.81,6.00,0.31,0.32,35.46,96,4.10,7.55,1.34,0.72,0.62,0.21,1.14,1.86,0.10,23,0.62,46,0.21,42,50,7,49,44,7,19.87,16.15,0.92,100,-3.72,18.22,16.16,0,0,0,0,0,,0,0,,0,0,0,0,0,0,29,11,5.22,35,0.25,0.08,0.03,-0.01,,0.35,
Damaris Michel Godínez García,,Guadalajara W,2026/2027,221,Lateral,0,0,0.01,0.03,0.41,0,100,1,,0.01,0,0.01,0.41,0,0,0,0,0.01,0.41,0,0.02,0.82,-0.02,0,0,0,,0.82,0.41,1.22,0.41,1.22,0.92,5.30,4.04,13.04,6.52,0.06,3.67,38.54,6.52,1.63,1.63,2.85,67,1.19,2.11,0.82,0,0.82,20,0.41,0,10.60,9.11,2.04,1.63,0.41,48.08,4.89,46,0.82,50,0,0,0,22.42,57,1.22,17,27,5.30,4.48,8,43,-14,52.48,3.67,0.10,0.10,18.34,91,4.07,2.45,0.82,0,0.82,0,0.82,0.82,0,0,0,0,0,47,50,3,67,33,0,19.59,10.65,0.98,156,-8.95,19.15,16.57,0,0,0,0,0,,0,0,,0,0,0,0,0,0,47,15,3.75,18,0.10,0.33,0.01,-0.01,,0.44,
Daniela Janet Monroy Cortez,,Monterrey W,2026/2027,646,Lateral,0,0,0.02,0.04,0.42,0,0,0,,0,0.14,0.06,0.70,0.14,0.06,0.70,0,0,0,0.14,0.08,1.11,0.06,0.97,0.84,0.14,86,1.53,0,1.39,1.25,0.56,0.87,2.09,3.27,11.70,3.90,0.05,6.13,33.34,10.86,3.20,2.09,2.65,75,3.00,3.87,1.11,43,0.70,82,1.25,0,8.50,13.00,4.60,2.37,1.81,37.18,2.09,25,1.25,53,0.14,0,0,46.38,83,1.67,19,43,2.65,3.34,11,68,-15,52.37,5.99,0.36,0.47,43.03,94,4.73,13.23,1.67,1.25,0.42,0.14,0.42,1.67,0,17,0.42,25,0.14,24,67,9,28,54,18,17.64,17.77,0.94,88,0.12,16.57,15.65,0,0,0,0,0,,0,0,,0,0,0,0,0,0,22,11,6.63,30,0.18,0.08,0.02,0.00,,0.27,
Deneisha Selena Blackwood,,Toluca W,2026/2027,868,Lateral,0,0,0.03,0.04,0.73,0,14,1,,0.00,0.21,0.21,1.97,0,0.12,1.24,0.21,0.08,0.73,0.21,0.24,2.70,-0.03,1.45,0.73,0.73,50,0.41,0,1.76,2.39,1.45,1.69,1.35,1.54,12.97,5.71,0.01,4.77,44.58,9.44,4.56,1.66,3.11,67,1.90,3.60,0.93,54,0.83,33,0.10,0.21,10.37,11.66,3.22,3.63,0.83,49.60,5.19,50,2.39,66,0.31,0,0,43.15,77,3.73,86,48,1.97,7.16,12,73,-3,50.43,3.53,0.36,0.41,40.98,91,5.10,8.20,1.45,0.93,0.52,0.31,1.14,2.07,0,57,1.24,40,0.10,22,67,11,19,67,14,20.34,17.43,0.93,102,-2.91,18.93,17.82,0,0,0,0,0,,0,0,,0,0,0,0,0,0,21,7,6.22,40,0.08,0.09,0.03,-0.04,,0.16,
Diana Guatemala,,Toluca W,2026/2027,64,Lateral,0,0,0.18,0.06,2.80,0,50,3,,0.08,0,0,0,0,0,0,0,0,0,0,0.18,2.80,-0.18,0,0,0,,1.40,0,2.80,1.40,2.80,2.24,1.40,1.12,22.38,15.38,0,8.39,35.72,4.20,1.40,4.20,6.99,100,6.43,8.67,2.80,,0,0,0,0,15.38,17.77,6.99,1.40,1.40,34.04,4.20,27,1.40,100,0,0,0,47.55,89,0,23,,1.40,0,11,100,11,51.97,2.80,0.15,0.27,47.55,94,5.68,9.79,1.40,1.40,0,0,1.40,2.80,0,100,1.40,100,0,22,62,16,0,71,29,15.28,15.39,1.04,100,0.10,15.86,15.39,0,0,0,0,0,,0,0,,0,0,0,0,0,0,14,5,3.50,23,0.18,0.14,0.11,-0.02,,0.40,
Edith Deyanira Carmona Castillo,,Querétaro W,2026/2027,298,Lateral,0,0,0,,0,,,0,,0,0,0.07,0.90,0,0.07,0.90,0,0,0,0,0.07,0.90,-0.07,1.21,0.30,0.90,25,0.60,0,2.41,2.41,1.51,1.06,3.02,2.36,25.63,12.06,0.04,9.35,36.51,12.36,4.82,3.02,4.52,63,2.47,3.53,0.60,14,1.81,0,0,0,22.01,16.96,7.24,3.02,0.60,38.17,6.63,30,1.51,50,0.30,0,0,31.96,71,1.21,58,31,3.32,3.62,7,11,-59,45.23,2.41,0.15,0.28,27.74,87,4.05,4.82,0.30,0.30,0,0,0.60,0.90,0,100,0.30,50,0,43,48,9,19,56,25,18.61,15.10,0.92,109,-3.50,17.14,16.49,0,0,0,0,0,,0,0,,0,0,0,0,0,0,32,11,3.08,27,0.11,0.02,0.25,,,0.38,
Elizabeth  Estrada,,Atlante W,2026/2027,814,Lateral,0.11,0.11,0.00,0.01,0.55,20,60,1,,0.00,0,0.05,0.55,0,0.00,0.11,0,0.05,0.44,0.11,0.05,1.11,0.06,0.55,0.22,0.33,40,1.44,0,0.66,1.33,0.66,0.66,1.44,0.87,8.95,3.98,0.01,4.53,36.65,7.07,3.09,1.77,2.43,73,1.10,1.75,0.11,69,0.66,20,0.22,0,7.07,4.59,3.09,1.11,0.66,39.01,2.10,30,0.55,50,0,0,0,21.88,59,3.32,19,29,2.43,10.50,12,50,-9,48.00,3.87,0.04,0.05,21.11,92,5.08,2.98,1.11,0,1.11,0,0.11,0.11,0,10,0.33,14,0.11,37,56,7,30,59,11,26.85,21.39,0.77,75,-5.45,20.62,16.01,0,0,0,0,0,,0,0,,0,0,0,0,0,0,37,11,3.09,28,0.14,0.08,0.09,-0.01,,0.30,
Emili Bautista,,Tijuana W,2026/2027,30,Lateral,0,0,0,,0,,,0,,0,0,0,0,0,0,0,0,0,0,0,0,0,0,2.95,0,2.95,0,0,0,0,2.95,0,0,2.95,0.74,17.71,8.86,0,2.95,25.40,2.95,0,0,0,,0,0,5.90,,0,,0,0,11.81,6.03,2.95,2.95,2.95,29.67,2.95,25,2.95,100,0,0,0,14.76,67,0,0,,2.95,0,0,,,38.27,2.95,0,0,14.76,60,2.83,2.95,0,0,0,0,0,0,0,,0,,0,33,67,0,100,0,0,15.04,,0.91,,,13.69,,0,0,0,0,0,,0,0,,0,0,0,0,0,0,0,0,,,-0.02,-0.12,-0.17,,,-0.32,
Erin Houston,,Atlético San Luis W,2026/2027,257,Lateral,0,0,0.25,0.18,1.40,0,25,2,,0.04,0,0,0,0,0,0,0,0,0,0,0.25,1.40,-0.25,2.45,1.40,1.05,57,0.70,0,1.75,2.80,0,0,3.16,3.40,13.67,5.61,0,4.91,41.35,12.27,4.91,2.10,2.10,86,2.46,2.46,1.40,50,0.35,50,0.70,0.35,10.17,13.04,3.86,2.45,1.40,42.69,4.21,41,1.05,43,0.35,0,0,28.40,75,3.16,24,56,4.21,4.56,12,58,-16,42.80,4.56,0.43,0.43,28.04,88,4.79,3.86,0.35,0.35,0,0,2.80,3.16,0,0,0,0,0,36,54,10,36,36,27,23.36,19.10,0.93,105,-4.26,21.83,20.10,0,0,0,0,0,,0,0,,0,0,0,0,0,0,26,9,3.44,15,0.06,0.06,0.03,-0.10,,0.05,
Fátima Del Carmen Delgado Cortés,,Atlas W,2026/2027,519,Lateral,0,0,0.01,0.05,0.17,0,0,0,,0,0,0.06,0.69,0,0.04,0.52,0,0.02,0.17,0,0.07,0.87,-0.07,1.04,0.35,0.69,33,0.69,0,1.73,2.43,0.87,0.64,1.73,1.44,20.97,9.88,0.03,6.93,35.66,9.71,3.47,2.25,3.12,65,2.00,2.64,0.69,30,1.21,33,0.17,0,18.03,15.77,6.07,3.12,0.52,37.42,5.37,30,1.56,50,0.17,0,0,33.45,78,1.21,14,54,2.08,1.91,17,65,-13,48.76,4.16,0.25,0.28,31.03,87,6.60,6.76,0.69,0.52,0.17,0.35,0.52,1.04,0,50,0.52,50,0.35,28,61,11,33,59,8,15.71,14.63,0.97,93,-1.08,15.22,13.58,0,0,0,0,0,,0,0,,0,0,0,0,0,0,27,10,3.33,25,0.10,0.07,0.02,-0.01,,0.19,
Fátima Rosales,,Querétaro W,2026/2027,704,Lateral,0,0,0.00,0.01,0.13,0,0,0,,0,0,0.01,0.13,0,0.01,0.13,0,0,0,0,0.01,0.26,-0.01,0.89,0.77,0.13,86,1.02,0,0.77,0.26,0.51,0.49,1.28,1.19,16.61,8.43,0.04,6.39,32.63,11.24,2.68,2.17,2.68,77,1.86,2.35,0.77,44,0.64,33,0.26,0,13.67,11.14,5.11,2.56,0.89,34.17,3.19,23,1.41,55,0.13,0,0,29.64,75,1.79,12,42,1.79,3.71,9,54,-21,43.50,2.81,0.29,0.29,24.28,96,4.03,2.56,0.26,0.13,0.13,0,0,0.13,0,50,0.13,33,0,36,59,6,40,55,5,19.97,19.17,0.92,107,-0.80,18.38,20.44,0,0,0,0,0,,0,0,,0,0,0,0,0,0,25,11,2.22,16,0.10,0.03,0.04,0.00,,0.17,
Gabriela Valenzuela Chaparro,,Guadalajara W,2026/2027,442,Lateral,0,0,0.05,0.05,1.02,0,0,1,,0,0.41,0.14,1.63,0.41,0.14,1.43,0,0.00,0.20,0.41,0.19,2.65,0.22,0.41,0.20,0.20,50,0.41,0,1.43,0.82,1.22,1.40,2.45,3.41,7.54,3.26,0.04,5.09,38.13,8.76,3.67,0.20,1.43,20,0.25,1.66,0.20,25,0.82,67,0.82,0,7.13,8.75,3.06,1.83,0.61,43.60,3.67,51,1.63,89,0,0,0,34.43,80,2.85,29,67,3.26,3.46,14,79,-1,50.05,4.69,0.18,0.34,31.99,94,4.20,7.74,0.82,0.82,0,0.20,2.24,3.06,0.20,50,0.82,50,0.20,25,69,6,37,58,5,19.08,17.19,0.97,91,-1.89,18.52,15.61,0,0,0,0,0,,0,0,,0,0,0,0,0,0,23,6,4.77,27,0.19,0.07,0.18,-0.05,,0.38,
Giselle Parra,,Juárez W,2026/2027,618,Lateral,0.15,0.15,0.01,0.03,0.44,33,67,0,,0.05,0,0.05,0.58,0,0.05,0.58,0,0,0,0.15,0.06,1.02,0.09,1.17,0.87,0.29,75,0,0,0.29,1.46,0.44,0.51,1.02,1.36,13.69,6.26,0.02,5.53,39.95,10.20,3.50,1.46,1.89,59,2.02,2.54,0.44,36,1.02,100,0.58,0,11.80,15.41,4.37,2.04,0.44,43.30,5.24,44,1.46,71,0,0,0,40.20,75,1.75,65,43,1.60,3.50,11,46,-29,52.12,4.22,0.35,0.41,33.50,97,3.68,8.74,1.17,1.02,0.15,0.15,0.58,1.60,0,38,1.02,39,0.15,26,64,11,25,63,12,19.12,17.17,0.96,87,-1.95,18.30,14.95,0,0,0,0,0,,0,0,,0,0,0,0,0,0,25,6,4.14,26,0.12,0.05,0.04,0.00,,0.22,
Hanna Osorio,,Puebla W,2026/2027,478,Lateral,0,0,0.02,0.02,0.75,0,0,1,,0,0,0.02,0.56,0,0.02,0.56,0,0,0,0,0.04,1.32,-0.04,2.07,1.69,0.38,82,0.19,0,0.75,1.51,0.38,0.07,1.51,0.27,9.03,4.14,0,3.58,32.15,6.40,2.63,0.56,0.94,30,0.15,0.22,0,29,1.32,18,0.38,0,8.47,2.48,2.82,1.13,0,36.06,2.63,31,0.75,67,0,0,0,16.37,67,1.32,11,33,2.07,3.39,17,59,-9,48.11,1.51,0.11,0.24,16.19,88,4.33,3.01,0.38,0.38,0,0,0.19,0.56,0,50,0.19,33,0,37,44,20,31,44,25,21.49,18.55,0.83,74,-2.94,17.87,13.74,0,0,0,0,0,,0,0,,0,0,0,0,0,0,32,9,1.71,19,0.04,0.08,0.03,-0.03,,0.11,
Havi Hernández,,Santos Laguna W,2026/2027,35,Lateral,0,0,0,,0,,,0,,0,0,0,0,0,0,0,0,0,0,0,0,0,0,2.59,2.59,0,100,0,0,0,2.59,0,0,7.77,6.63,18.14,5.18,0,15.55,35.87,18.14,12.96,0,0,0,0,0,5.18,50,5.18,,0,0,12.96,11.05,7.77,2.59,0,26.55,2.59,20,0,0,2.59,0,2.59,36.28,60,0,43,0,7.77,2.59,13,50,-10,56.91,5.18,0,0,33.69,100,4.36,7.77,0,0,0,0,0,0,0,,0,0,0,20,73,7,33,33,33,17.12,5.88,0.85,169,-11.24,14.48,9.95,0,0,0,0,0,,0,0,,0,0,0,0,0,0,33,0,1.04,9,-0.06,0.12,-0.11,,,-0.05,
Isabela Esquivias,,León W,2026/2027,445,Lateral,0,0,0.01,0.03,0.20,0,0,0,,0,0.20,0.05,1.01,0,0.05,0.81,0.20,0.01,0.20,0.20,0.06,1.21,0.15,0.20,0.20,0,100,0.20,0,1.01,0.40,0.81,0.67,2.02,2.13,12.54,4.86,0,4.25,39.12,6.27,2.02,2.23,3.03,85,2.14,2.80,1.21,0,0.40,55,1.21,0,9.31,9.23,3.03,2.63,0.81,44.78,4.05,43,1.62,62,0.40,0,0,27.31,73,1.82,15,56,2.02,3.24,6,73,0,48.80,4.86,0.21,0.25,22.86,94,3.76,6.68,0.61,0.40,0.20,0,0.40,0.81,0,0,0.20,17,0,30,65,5,39,58,3,19.51,14.09,0.93,85,-5.42,18.21,11.91,0,0,0,0,0,,0,0,,0,0,0,0,0,0,22,8,6.19,28,0.05,0.03,-0.13,-0.01,,-0.06,
Ivonne Gutiérrez,,Cruz Azul W,2026/2027,563,Lateral,0.16,0.16,0.06,0.04,1.60,10,20,1,,0.15,0,0.01,0.32,0,0.01,0.32,0,0,0,0.16,0.07,1.92,0.09,1.28,0.80,0.48,63,1.28,0,1.60,0.96,0.64,0.41,2.88,1.93,13.44,6.08,0.01,5.76,32.05,12.16,3.20,1.60,2.24,67,1.09,1.50,0.16,43,0.80,0,0,0,11.68,10.61,4.64,2.40,1.44,36.92,4.16,36,0.64,27,0.16,0,0,38.40,76,2.40,15,37,4.48,4.96,17,61,-15,42.70,4.16,0.26,0.28,35.68,93,5.97,4.00,0.96,0.48,0.48,0,0.48,0.96,0,33,0.32,50,0,38,56,6,60,32,8,21.23,22.55,0.92,88,1.31,19.51,19.76,0,0,0,0,0,,0,0,,0,0,0,0,0,0,29,9,3.33,23,0.13,0.10,0.12,0.03,,0.38,
J.Barnett,,Necaxa W,2026/2027,324,Lateral,0,0,0.01,0.03,0.28,0,100,1,,0.07,0,0.00,0.28,0,0,0,0,0.00,0.28,0,0.01,0.56,-0.01,0.28,0,0.28,0,0.83,0,0.56,0.83,1.39,0.43,4.17,1.47,10.28,4.72,0.03,6.67,34.07,5.83,1.94,1.94,3.33,58,0.56,0.99,0.28,29,1.39,25,0.28,0,8.06,3.26,3.89,1.67,0.83,42.87,3.06,38,0.83,50,0,0,0,14.17,69,0.83,29,30,4.44,2.50,14,83,15,44.21,2.22,0,0.01,11.39,90,4.00,2.22,0,0,0,0,0,0,0,,0,,0,51,45,3,75,25,0,19.37,16.93,0.90,105,-2.44,17.37,17.83,0,0,0,0,0,,0,0,,0,0,0,0,0,0,37,15,0.92,10,0.08,0.02,-0.10,0.00,,0.00,
Jana Alexandra Gutiérrez Campos,,América W,2026/2027,583,Lateral,0.31,0.31,0.03,0.05,0.62,50,50,0,,0.05,0.15,0.09,0.77,0.15,0.09,0.77,0,0,0,0.46,0.12,1.39,0.35,1.70,0.77,0.93,45,0.93,0,1.24,1.54,1.24,1.77,1.70,2.35,11.12,4.02,0,3.09,39.20,11.43,5.41,2.01,3.24,62,3.22,5.00,2.01,22,1.24,75,1.39,0,7.11,10.47,2.78,2.01,0.62,46.38,3.86,54,1.54,77,0,0,0,49.74,85,2.01,36,65,1.85,2.94,12,70,-15,52.13,8.50,0.67,0.71,45.88,95,4.29,14.37,0.93,0.77,0.15,0.15,0.93,1.70,0,33,0.31,20,0.15,28,64,7,39,52,10,16.50,13.45,0.98,97,-3.05,16.23,13.08,0,0,0,0,0,,0,0,,0,0,0,0,0,0,18,11,7.23,30,0.21,0.09,0.04,0.00,,0.35,
Judith Guillermina Félix Rosales,,Atlante W,2026/2027,884,Lateral,0,0,0.01,0.02,0.51,0,60,1,,0.02,0,0.01,0.31,0,0.01,0.31,0,0,0,0,0.02,0.81,-0.02,1.12,0.81,0.31,73,1.12,0,1.43,1.32,1.02,0.86,1.53,0.91,14.66,7.84,0.03,5.70,29.31,11.91,3.46,2.04,3.05,63,1.65,2.51,1.22,35,1.22,75,0.31,0.10,11.40,7.45,3.36,1.73,0.41,32.93,2.24,20,0.81,47,0.41,0,0,28.30,81,1.32,25,54,1.83,2.14,15,84,3,44.08,2.75,0.03,0.04,27.39,91,5.95,3.26,0.51,0.10,0.41,0,0,0.10,0,20,0.10,100,0,31,56,13,28,63,9,18.31,17.47,0.93,91,-0.84,17.10,15.96,0,0,0,0,0,,0,0,,0,0,0,0,0,0,24,13,1.96,19,0.08,0.09,0.01,-0.01,,0.16,
Karen Irasema Luna de Los Santos,,América W,2026/2027,361,Lateral,0,0,0,,0,,,0,,0,0.25,0.10,1.25,0.25,0.10,1.25,0,0,0,0.25,0.10,1.25,0.15,0.25,0.25,0,100,0.50,0,1.74,1.25,0.75,1.06,1.74,2.75,16.94,7.72,0,7.47,45.84,11.96,4.24,3.49,4.24,82,5.58,6.64,1.49,73,0.75,50,0.75,0.25,11.96,18.27,6.23,2.24,1.74,47.35,6.73,56,1.74,78,0.25,0,0,64.02,83,5.48,8,71,1.99,7.47,6,82,-1,49.87,6.23,0.70,0.79,58.79,95,3.61,15.45,1.00,1.00,0,0,0,1.00,0.25,50,0.75,27,0,24,70,6,34,60,6,18.55,16.54,0.97,102,-2.01,18.00,16.86,0,0,0,0,0,,0,0,,0,0,0,0,0,0,22,11,6.68,29,0.16,0.09,0.04,,,0.29,
Karen Jasso,,León W,2026/2027,30,Lateral,0,0,0,,0,,,0,,0,0,0,0,0,0,0,0,0,0,0,0,0,0,0,0,0,,0,0,0,3.01,0,0,0,0,0,0,0,0,,0,0,0,0,,0,0,0,,0,,0,0,0,0,0,0,0,,0,,0,,0,0,0,33.09,91,0,70,,0,0,27,67,-24,55.33,12.03,0.31,0.31,36.10,92,2.68,18.05,0,0,0,0,0,0,0,,0,,0,36,64,0,33,67,0,16.63,10.18,1.04,101,-6.44,17.28,10.24,0,0,0,0,0,,0,0,,0,0,0,0,0,0,0,0,1.20,4,-0.02,-0.08,,,,-0.10,
Karime Abud Lira,,Juárez W,2026/2027,832,Lateral,0,0,0.03,0.15,0.22,0,0,0,,0,0.11,0.06,0.97,0.11,0.05,0.87,0,0.01,0.11,0.11,0.09,1.19,0.02,1.41,0.43,0.97,31,1.62,0,1.62,2.92,1.19,1.23,1.51,1.69,11.36,5.41,0.02,3.68,38.85,14.28,5.84,1.95,3.14,72,2.38,3.61,1.08,33,0.76,50,0.32,0,8.33,10.29,2.38,1.84,0.43,41.37,3.03,36,1.41,76,0,0,0,50.18,84,2.92,37,60,1.84,4.54,10,69,-15,50.35,6.38,0.43,0.49,47.91,91,5.36,12.00,1.19,0.65,0.54,0,1.08,1.73,0.11,9,0.22,20,0.22,31,61,9,32,57,11,18.28,14.80,0.97,110,-3.48,17.65,16.32,0,0,0,0,0,,0,0,,0,0,0,0,0,0,20,9,5.70,39,0.11,0.11,0.11,-0.02,,0.32,
Karina Anais Rodríguez,,América W,2026/2027,453,Lateral,0,0,0.08,0.21,0.40,0,0,0,,0,0.20,0.13,0.99,0.20,0.13,0.99,0,0,0,0.20,0.21,1.39,-0.01,0,0,0,,0.40,0,0.20,0.40,0.40,0.71,1.79,3.03,11.54,4.18,0.04,5.97,34.78,9.15,3.18,1.59,1.99,89,2.64,3.35,0.40,80,0.20,50,0.80,0,9.55,15.59,4.18,2.39,0.60,37.25,3.58,38,1.99,83,0,0,0,55.49,90,4.38,7,71,1.99,5.97,7,70,-20,43.64,5.17,0.99,1.00,48.73,100,3.71,10.14,1.19,0.80,0.40,0.40,0.99,1.79,0.20,33,0.40,40,0.40,33,64,4,31,63,6,19.82,16.67,0.98,117,-3.15,19.41,19.49,0,0,0,0,0,,0,0,,0,0,0,0,0,0,11,5,9.67,32,0.19,0.05,0.04,-0.04,,0.24,
Karla Vianey García Muñoz,,Atlético San Luis W,2026/2027,22,Lateral,0,0,0,,0,,,0,,0,0,0,0,0,0,0,0,0,0,0,0,0,0,0,0,0,,0,0,4.04,0,0,0,0,0,0,0,0,0,96.18,16.17,16.17,0,0,,0,0,0,,0,,0,0,0,0,0,0,0,,0,,0,,0,0,0,76.80,76,4.04,31,100,0,4.04,4,100,24,56.35,8.08,0,0,60.63,93,3.10,16.17,0,0,0,0,0,0,0,,0,,0,24,68,8,50,50,0,16.24,5.45,1.09,100,-10.79,17.68,5.45,0,0,0,0,0,,0,0,,0,0,0,0,0,0,24,8,,,0.18,0.05,0.02,,,0.25,
Kenti Robles,,Pachuca W,2026/2027,828,Lateral,0,0,0.01,0.03,0.22,0,50,0,,0.00,0,0.00,0.11,0,0.00,0.11,0,0,0,0,0.01,0.33,-0.01,0.22,0.11,0.11,50,0.33,0,0.43,0.54,0.54,0.57,2.72,2.82,11.19,7.61,0.05,5.65,36.60,8.58,3.37,1.09,1.63,53,1.21,1.79,0.43,20,0.98,57,0.43,0.11,9.67,11.01,3.48,1.96,0.76,42.11,3.59,37,1.41,72,0,0,0,36.29,77,2.72,8,53,3.26,4.56,11,60,-18,48.60,3.91,0.50,0.50,27.81,97,4.38,5.22,0.65,0.54,0.11,0,0.33,0.87,0.11,50,0.33,12,0,26,66,8,38,52,10,19.64,20.68,0.93,94,1.04,18.21,19.51,0,0,0,0,0,,0,0,,0,0,0,0,0,0,28,11,3.72,21,0.02,0.05,0.04,0.00,,0.11,
Kimberli Anahí Gómez Castillo,,Santos Laguna W,2026/2027,529,Lateral,0,0,0,,0,,,0,,0,0,0.06,0.51,0,0.06,0.51,0,0,0,0,0.06,0.51,-0.06,1.02,0.68,0.34,67,0.68,0,0.85,0.85,1.19,0.81,4.09,2.11,19.75,10.05,0.02,5.96,31.10,10.56,3.41,3.58,4.77,70,2.10,2.91,0.85,60,1.53,60,0.51,0,15.32,9.06,4.26,3.06,0.85,34.89,3.92,26,1.02,33,0.17,0,0,30.14,71,2.21,17,52,4.09,4.26,6,67,-4,45.44,4.09,0.19,0.19,24.35,93,4.23,4.77,1.02,0.34,0.68,0,0.51,0.85,0,33,0.34,67,0,40,54,6,32,64,4,19.96,14.09,0.95,104,-5.86,18.98,14.62,0,0,0,0,0,,0,0,,0,0,0,0,0,0,32,15,2.79,24,0.11,0.07,0.20,,,0.37,
Laisha  Avalos,,Necaxa W,2026/2027,167,Lateral,0,0,0,,0,,,0,,0,0,0.00,0.54,0,0.00,0.54,0,0,0,0,0.00,0.54,0.00,0.54,0,0.54,0,2.15,0,0,1.08,1.61,0.53,2.15,0.50,15.05,9.14,0.05,5.38,35.72,6.45,1.61,1.61,3.23,60,0.71,1.24,1.08,75,1.08,67,2.15,0,12.36,4.32,2.69,2.69,0.54,39.03,3.23,26,0.54,20,0,0,0,23.65,65,1.61,68,38,3.23,3.23,17,56,-9,53.37,4.30,0.04,0.04,16.67,94,6.86,3.76,0.54,0.54,0,0,0,0.54,0,0,0,,0,39,52,9,57,43,0,18.34,21.03,0.90,111,2.69,16.49,23.40,0,0,0,0,0,,0,0,,0,0,0,0,0,0,41,13,1.88,40,0.11,0.02,0.12,,,0.25,
Laura Parra,,Tijuana W,2026/2027,231,Lateral,0,0,0,,0,,,0,,0,0,0.03,0.39,0,0.03,0.39,0,0,0,0,0.03,0.39,-0.03,0,0,0,,0.39,0,1.56,1.95,1.17,0.39,3.89,1.77,12.85,8.57,0.06,5.06,24.00,7.01,2.73,2.73,3.89,100,1.39,1.78,1.95,100,0,,0,0,8.18,4.29,3.50,0.78,0.39,27.07,1.95,24,0,0,0.39,0,0,17.13,55,1.17,28,19,4.28,5.84,5,25,-30,47.47,1.56,0,0.10,14.80,82,4.51,3.11,0.78,0.78,0,0,0,0.78,0,100,0.78,67,0,43,55,2,13,63,25,25.09,21.81,0.81,17,-3.29,20.41,3.63,0,0,0,0,0,,0,0,,0,0,0,0,0,0,46,7,1.64,20,0.08,0.02,0.10,,,0.20,
Lia Romero,,Santos Laguna W,2026/2027,46,Lateral,0,0,0.03,0.02,1.98,0,0,6,,0,0,0,0,0,0,0,0,0,0,0,0.03,1.98,-0.03,0,0,0,,0,0,0,1.98,0,0,1.98,1.69,15.82,3.95,0,5.93,42.17,5.93,3.95,0,0,,0,0,0,,0,,0,0,15.82,9.19,5.93,3.95,3.95,43.40,3.95,25,0,0,0,0,0,21.75,38,0,0,0,1.98,1.98,0,,,69.61,0,0,0.03,17.80,89,3.82,3.95,0,0,0,0,3.95,3.95,0,,0,0,0,31,62,8,50,50,0,15.22,,0.63,,,9.64,,0,0,0,0,0,,0,0,,0,0,0,0,0,0,15,8,1.58,29,-0.14,0.18,0.01,-0.12,,-0.08,
Mariela Alva,,América W,2026/2027,310,Lateral,0,0,0.00,0.01,0.29,0,0,0,,0,0,0,0,0,0,0,0,0,0,0,0.00,0.29,0.00,0.87,0.58,0.29,67,0.29,0,1.45,1.45,2.03,3.29,1.45,2.43,7.54,4.06,0,3.77,38.17,12.76,5.80,1.16,3.19,50,2.02,5.31,0,33,1.16,83,1.45,0,6.38,10.40,2.90,1.45,0,33.96,1.45,23,0.58,40,0,0,0,33.65,79,0.29,31,14,1.74,1.74,12,50,-29,51.99,4.93,0.35,0.35,28.43,91,5.33,7.25,0,0,0,0,0,0,0,,0,0,0,28,61,11,32,44,24,15.65,12.45,0.95,89,-3.21,14.86,11.03,0,0,0,0,0,,0,0,,0,0,0,0,0,0,25,14,5.45,22,0.08,0.07,0.06,-0.01,,0.19,
María Fernanda Daniela Pérez Limón,,Querétaro W,2026/2027,539,Lateral,0,0,0.05,0.08,0.67,0,25,0,,0.06,0,0.03,0.33,0,0.03,0.33,0,0,0,0,0.08,1.00,-0.08,0.50,0.17,0.33,33,0.33,0,0.50,1.00,0.83,1.01,4.51,4.31,14.69,6.18,0.02,6.01,27.17,9.68,1.84,1.50,2.34,69,1.12,2.14,1.67,50,0.67,38,1.00,0,11.69,9.46,5.01,2.50,1.17,31.76,1.84,16,1.00,40,0.17,0,0,35.06,80,3.17,18,61,5.01,4.67,7,69,-11,39.75,3.34,0.33,0.36,28.21,96,3.74,3.51,0.33,0.17,0.17,0.17,1.67,1.84,0,50,0.17,50,0.33,39,58,3,48,52,0,22.57,20.39,0.93,102,-2.18,20.98,20.78,0,0,0,0,0,,0,0,,0,0,0,0,0,0,21,9,3.12,22,0.18,0.03,0.10,0.00,,0.31,
María Inés González Lankenau,,Tigres UANL W,2026/2027,83,Lateral,0,0,0,,0,,,0,,0,0,0.09,1.08,0,0.09,1.08,0,0,0,0,0.09,1.08,-0.09,1.08,0,1.08,0,0,0,1.08,2.16,1.08,1.61,2.16,4.02,9.74,5.41,0,4.33,42.65,12.98,7.57,2.16,3.25,67,3.63,5.24,1.08,67,1.08,,0,0,6.49,11.67,3.25,2.16,2.16,42.59,4.33,67,2.16,100,1.08,0,0,41.11,75,2.16,30,40,2.16,5.41,7,100,25,56.05,6.49,0.22,0.22,33.54,94,2.71,11.90,1.08,1.08,0,1.08,2.16,3.25,0,0,0,,1.08,27,61,11,18,64,18,18.85,6.14,0.85,100,-12.71,15.96,6.14,0,0,0,0,0,,0,0,,0,0,0,0,0,0,11,5,5.41,34,0.06,0.06,0.01,,,0.12,
María Sainz,,Pumas UNAM W,2026/2027,250,Lateral,0,0,0.01,0.03,0.36,0,0,0,,0,0,0.19,1.44,0,0.19,1.44,0,0,0,0,0.20,1.80,-0.20,0,0,0,,0,0,1.08,0.72,0.36,0.59,2.88,3.41,13.31,6.12,0,3.24,33.18,6.84,3.60,3.24,3.60,100,4.25,4.84,0.36,,0,,0,0,9.72,12.83,3.24,1.44,0.72,38.49,3.24,33,1.44,100,0,0,0,33.10,80,2.52,68,54,3.60,3.96,14,56,-24,47.78,5.76,0.44,0.57,30.23,95,5.31,6.84,1.08,0.72,0.36,0.36,0.72,1.44,0,67,0.72,40,0.36,30,58,12,37,63,0,19.17,19.62,0.93,88,0.45,17.79,17.24,0,0,0,0,0,,0,0,,0,0,0,0,0,0,21,11,5.87,26,0.22,0.05,0.06,-0.01,,0.32,
María Sánchez,,Atlético San Luis W,2026/2027,783,Lateral,0,0,0.07,0.15,0.46,0,25,0,,0.03,0.34,0.22,2.53,0.11,0.09,0.80,0.23,0.13,1.72,0.34,0.29,2.99,0.06,0.80,0.69,0.11,86,1.26,0.11,2.30,1.72,0.69,0.66,1.61,1.22,15.41,7.59,0.01,4.25,38.97,8.97,3.45,1.84,2.53,80,2.17,2.83,1.26,0,0.46,50,0.57,0,12.30,12.20,3.45,3.10,0.69,41.60,4.02,33,2.07,67,0.23,0,0,29.90,73,4.14,9,57,1.72,7.13,11,71,-2,51.02,4.71,0.36,0.45,28.52,89,4.36,5.40,3.33,0.46,2.87,0.23,1.61,2.07,0.23,17,0.57,38,0.23,36,56,8,36,53,11,21.54,15.30,0.92,100,-6.24,19.91,15.23,0,0,0,0,0,,0,0,,0,0,0,0,0,0,32,14,8.43,44,0.31,0.14,0.01,-0.02,,0.45,
Mayalu Rausch,,León W,2026/2027,617,Lateral,0,0,0.07,0.07,1.02,0,29,2,,0.01,0,0.03,0.73,0,0.03,0.73,0,0,0,0,0.09,1.75,-0.09,1.31,1.02,0.29,78,0.44,0,0.58,1.02,0.87,0.82,1.17,1.57,17.49,8.16,0.05,7.58,37.98,11.37,4.08,2.92,3.79,69,3.21,4.02,1.46,27,1.31,17,0.15,0,13.12,12.91,6.12,2.92,1.31,41.36,4.66,36,1.60,55,0,0,0,36.58,79,2.77,36,68,1.46,3.79,12,69,-10,46.98,4.08,0.15,0.21,32.07,95,5.99,5.68,0.73,0.29,0.44,0.29,1.46,1.75,0,40,0.44,60,0.44,30,65,5,23,69,8,20.94,18.92,0.98,96,-2.02,20.63,18.15,0,0,0,0,0,,0,0,,0,0,0,0,0,0,21,7,3.25,20,0.11,0.12,0.07,-0.07,,0.22,
Mia Villalpando,,Tigres UANL W,2026/2027,320,Lateral,0.28,0.28,0.04,0.07,0.56,50,50,1,,0.21,0,0.05,0.56,0,0.05,0.56,0,0,0,0.28,0.09,1.12,0.19,5.91,3.66,2.25,62,0.56,0,2.53,2.81,0.84,1.21,0.28,0.34,14.34,4.50,0,6.75,41.70,13.50,7.87,1.97,2.81,64,2.82,4.04,1.12,63,1.12,50,0.28,0,11.25,16.82,4.78,2.25,0.56,42.29,4.22,38,1.41,63,0,0,0,45.00,76,0.28,84,13,0.28,2.25,6,67,-10,54.33,5.91,0.92,0.93,47.81,90,5.18,11.25,1.41,1.41,0,0.56,1.69,3.09,0,60,1.12,44,0.56,22,63,15,30,57,13,18.19,14.89,0.97,112,-3.30,17.60,16.61,0,0,0,0,0,,0,0,,0,0,0,0,0,0,20,7,4.72,26,0.18,0.24,-0.20,0.06,,0.28,
Michel Fong,,Tijuana W,2026/2027,383,Lateral,0,0,0,,0,,,0,,0,0,0.00,0.23,0,0.00,0.23,0,0,0,0,0.00,0.23,0.00,2.11,1.41,0.70,67,2.58,0.23,1.64,1.64,1.41,1.09,2.11,2.22,17.84,11.03,0.05,10.56,38.43,10.09,2.58,3.76,5.16,67,3.79,4.87,0.94,27,1.88,0,0,0,13.14,12.64,7.28,2.58,1.64,41.44,4.93,38,1.88,73,0.23,0,0,30.98,73,2.11,19,33,3.29,5.16,10,58,-15,46.34,3.52,0.30,0.30,32.62,91,5.53,5.40,0.47,0.23,0.23,0,0.23,0.47,0,0,0,0,0,28,63,9,30,65,4,22.02,25.29,0.85,68,3.27,18.80,17.21,0,0,0,0,0,,0,0,,0,0,0,0,0,0,34,14,6.29,41,0.03,0.25,0.05,,,0.32,
Myra Alexandra Delgadillo,,Tigres UANL W,2026/2027,678,Lateral,0,0,0.19,0.21,0.93,0,43,1,,0.10,0.13,0.34,1.73,0.13,0.33,1.59,0,0.01,0.13,0.13,0.53,2.66,-0.40,1.86,0.93,0.93,50,0.53,0,1.20,2.52,0.53,0.64,0.80,1.08,18.59,8.23,0,5.31,55.62,9.03,5.18,1.33,1.86,59,1.56,2.20,1.73,38,0.93,82,1.20,0,15.54,20.90,4.25,4.25,1.46,58.29,10.36,67,3.32,78,0.13,0,0,35.05,72,1.33,20,45,1.33,2.39,11,59,-13,58.99,3.72,0.82,1.14,29.61,90,5.33,11.95,1.20,1.06,0.13,0.66,4.25,5.31,0.13,22,0.66,26,1.06,21,68,11,26,61,13,17.30,17.75,0.94,102,0.45,16.20,18.06,0,0,0,0,0,,0,0,,0,0,0,0,0,0,27,8,5.82,27,0.05,0.06,0.02,-0.07,,0.06,
Mónica Rodríguez Guzmán,,Juárez W,2026/2027,21,Lateral,0,0,0,,0,,,0,,0,0,0,0,0,0,0,0,0,0,0,0,0,0,0,0,0,,0,0,0,0,0,0,0,0,17.13,4.28,,0,27.23,4.28,0,4.28,4.28,100,4.66,4.66,0,,0,,0,0,12.85,13.99,0,0,0,27.23,0,0,0,,0,0,0,25.69,67,0,0,0,4.28,4.28,67,75,8,50.31,0,0.93,0.93,21.41,100,2.98,4.28,0,0,0,0,0,0,0,,0,0,0,17,67,17,0,0,100,26.11,26.52,0.56,61,0.42,14.65,16.31,0,0,0,0,0,,0,0,,0,0,0,0,0,0,33,17,4.28,50,-0.04,0.01,-0.05,,,-0.08,
Natalia Villarreal,,Guadalajara W,2026/2027,585,Lateral,0,0,0.04,0.05,0.77,0,0,0,,0,0,0.06,0.92,0,0.06,0.92,0,0,0,0,0.09,1.69,-0.09,1.38,0.46,0.92,33,0.77,0,0.92,1.23,2.31,2.94,1.85,2.00,11.08,5.69,0.02,5.69,33.97,11.08,5.54,1.69,4.00,85,1.95,4.89,0.62,33,0.31,67,0.92,0,8.77,9.37,3.54,1.69,0.92,36.40,2.77,32,0.92,55,0,0,0.15,48.62,82,1.54,22,38,2.15,3.69,8,77,-4,49.21,5.23,0.30,0.31,40.93,95,3.06,10.00,1.69,1.54,0.15,0,0.77,2.31,0,45,0.77,45,0,25,65,9,31,60,9,18.65,15.14,0.96,100,-3.51,17.97,15.06,0,0,0,0,0,,0,0,,0,0,0,0,0,0,25,12,6.57,36,0.17,0.06,0.03,-0.03,,0.23,
Nathaly Martínez,,Querétaro W,2026/2027,561,Lateral,0.16,0.16,0.01,0.02,0.32,50,50,0,,0.08,0,0.00,0.32,0,0.00,0.16,0,0.00,0.16,0.16,0.01,0.64,0.15,0.16,0.16,0,100,1.28,0,0.80,0.16,1.28,1.16,3.53,3.27,13.96,7.38,0,3.53,32.10,10.11,2.25,1.60,2.89,67,1.52,2.67,1.12,17,0.80,80,0.64,0.16,11.23,10.88,3.05,2.09,0.80,36.62,3.37,30,1.12,54,0,0,0,32.42,75,1.60,27,48,4.01,2.89,8,73,-2,46.01,4.17,0.21,0.22,26.96,96,4.02,4.49,0,0,0,0,0,0,0,,0,0,0,40,54,6,39,54,7,18.43,16.06,0.94,99,-2.37,17.28,15.91,0,0,0,0,0,,0,0,,0,0,0,0,0,0,26,13,2.97,20,0.07,0.05,0.02,0.03,,0.17,
Paola Álvarez,,Pumas UNAM W,2026/2027,259,Lateral,0,0,0.02,0.06,0.35,0,0,0,,0,0,0.10,1.39,0,0.05,1.04,0,0.06,0.35,0,0.13,1.74,-0.13,0.69,0.35,0.35,50,1.74,0,0.35,2.08,0,0,1.39,2.02,17.70,4.51,0,3.47,42.50,10.07,2.78,2.78,2.78,100,3.41,3.41,2.78,100,0,50,1.04,0,12.50,13.72,3.47,1.04,0.35,42.61,4.51,36,1.04,100,0,0,0,23.26,77,2.43,6,64,1.74,3.47,16,43,-34,51.55,2.08,0.12,0.14,20.48,90,4.22,5.21,1.74,1.04,0.69,0.35,1.39,2.43,0,60,1.74,100,0,21,74,5,27,60,13,18.70,15.95,1.00,104,-2.75,18.76,16.55,0,0,0,0,0,,0,0,,0,0,0,0,0,0,23,12,2.71,13,0.08,0.08,0.02,-0.04,,0.15,
Sabrina Marie Enciso,,Tigres UANL W,2026/2027,738,Lateral,0,0,0.05,0.04,1.22,0,20,1,,0.02,0.37,0.11,1.10,0.37,0.11,0.98,0,0.00,0.12,0.37,0.16,2.32,0.20,1.10,0.85,0.24,78,0.37,0,0.61,1.71,1.22,1.84,1.83,2.49,12.56,4.76,0,4.27,38.40,7.68,3.17,2.07,3.29,89,2.64,4.47,0.98,71,0.24,0,0,0,9.51,12.61,3.05,1.46,0.73,42.37,3.41,36,1.22,83,0.12,0,0,42.07,77,3.29,12,47,2.93,5.85,10,51,-26,54.21,7.07,0.59,0.64,38.16,95,5.14,11.71,1.46,1.34,0.12,0.12,1.34,2.68,0.37,42,0.73,26,0.12,23,67,10,35,58,6,20.49,21.57,0.91,109,1.07,18.56,23.50,0,0,0,0,0,,0,0,,0,0,0,0,0,0,20,7,6.91,33,0.19,0.09,0.02,-0.04,,0.25,
Selene Deyanira Cortés Valero,,León W,2026/2027,705,Lateral,0,0,0.01,0.03,0.51,0,25,0,,0.00,0,0.02,0.51,0,0.01,0.26,0,0.02,0.26,0,0.04,1.02,-0.04,0.51,0.26,0.26,50,0.64,0,0.89,0.77,1.15,0.85,2.55,2.33,13.40,5.49,0.02,5.36,28.98,10.47,3.96,3.45,4.60,66,3.07,3.92,0.77,32,1.79,33,0.26,0,9.19,8.51,3.06,1.79,0.51,33.58,2.81,31,0.89,50,0.26,0,0,32.30,70,1.66,30,30,2.94,5.11,6,55,-15,48.63,4.60,0.22,0.23,24.89,93,3.52,4.47,0.38,0,0.38,0,0.26,0.26,0,0,0,0,0.26,44,53,3,46,49,6,20.79,17.39,0.88,82,-3.40,18.40,14.22,0,0,0,0,0,,0,0,,0,0,0,0,0,0,25,9,3.82,24,0.19,0.05,-0.14,-0.01,,0.09,
Sheila Ximena Vivanco Escamilla,,Atlante W,2026/2027,107,Lateral,0,0,0,,0,,,0,,0,0,0,0,0,0,0,0,0,0,0,0,0,0,2.52,0.84,1.68,33,0,0,3.37,3.37,0,0,0,0,23.56,10.94,0,7.57,39.26,6.73,2.52,1.68,1.68,40,1.67,1.67,0,25,2.52,,0,0,21.87,12.57,5.89,3.37,0.84,41.23,5.89,27,1.68,50,0,0,0,28.60,73,1.68,14,100,0,1.68,22,63,-10,45.17,0.84,0,0,28.60,82,5.66,4.21,0,0,0,0.84,0.84,0.84,0,,0,0,0.84,22,62,16,40,60,0,15.08,15.79,0.93,58,0.72,14.04,9.14,0,0,0,0,0,,0,0,,0,0,0,0,0,0,38,14,0.76,19,0.09,-0.02,0.01,,,0.08,
Sofía Macotela,,Atlante W,2026/2027,14,Lateral,0,0,0,,0,,,0,,0,0,0,0,0,0,0,0,0,0,0,0,0,0,0,0,0,,0,0,0,6.24,6.24,6.21,18.73,18.62,18.73,12.49,0,0,23.17,6.24,0,0,6.24,0,0,6.21,0,0,6.24,,0,0,18.73,18.62,0,6.24,0,28.82,0,0,0,0,0,0,0,37.46,63,0,0,,18.73,0,13,0,-63,39.23,12.49,0,0,37.46,83,2.28,6.24,0,0,0,0,0,0,0,,0,,0,38,63,0,0,100,0,11.88,3.11,1.14,,-8.77,13.52,,0,0,0,0,0,,0,0,,0,0,0,0,0,0,25,13,1.25,100,0.16,-0.03,-0.04,,,0.09,
T.Flores Dorrell,,Tigres UANL W,2026/2027,71,Lateral,0,0,0.16,0.06,2.54,0,50,3,,0.25,0,0,0,0,0,0,0,0,0,0,0.16,2.54,-0.16,0,0,0,,2.54,0,0,1.27,1.27,1.56,0,0,22.87,11.44,0,7.62,50.24,12.71,8.89,2.54,3.81,40,4.26,5.82,3.81,25,3.81,,0,0,17.79,28.13,5.08,6.35,0,54.67,11.44,64,3.81,60,1.27,0,0,53.36,71,1.27,29,50,0,2.54,13,83,13,60.93,7.62,0.27,0.43,48.28,97,5.34,17.79,2.54,2.54,0,1.27,6.35,8.89,0,50,2.54,67,1.27,15,75,10,14,71,14,16.99,23.40,0.96,92,6.41,16.38,21.61,0,0,0,0,0,,0,0,,0,0,0,0,0,0,25,4,4.83,13,0.47,0.22,0.02,-0.27,,0.43,
Vanessa González,,Tijuana W,2026/2027,569,Lateral,0,0,0.01,0.05,0.16,0,0,0,,0,0.16,0.17,0.63,0.16,0.17,0.63,0,0,0,0.16,0.18,0.79,-0.02,0.95,0.47,0.47,50,0.47,0,2.06,0.95,0.95,0.65,2.53,1.98,15.50,9.96,0.02,5.06,32.38,7.27,2.69,3.00,3.95,70,2.01,2.66,0.79,11,1.26,33,0.16,0.16,11.70,7.81,3.95,1.58,0.32,35.04,3.00,26,0.79,50,0.32,0,0,28.78,79,1.26,19,44,3.00,2.37,9,73,-6,44.89,2.85,0.24,0.34,26.88,89,3.82,4.59,1.11,0.95,0.16,0,0.16,1.11,0.16,0,0,0,0,39,53,8,41,38,21,18.45,16.11,0.94,103,-2.34,17.26,16.60,0,0,0,0,0,,0,0,,0,0,0,0,0,0,24,13,2.86,20,0.17,0.00,0.05,-0.01,,0.21,
Vanessa Penuna,,Atlas W,2026/2027,725,Lateral,0,0,0.00,0.02,0.25,0,0,0,,0,0.12,0.08,0.87,0.12,0.07,0.62,0,0.01,0.25,0.12,0.09,1.12,0.03,0.87,0.50,0.37,57,0.99,0,0.87,1.74,0.37,0.33,2.86,3.15,13.28,6.58,0,5.34,32.80,10.43,3.35,2.11,2.48,63,2.36,2.69,0.37,36,1.24,33,0.37,0,10.80,10.91,3.60,1.74,0.99,36.67,2.86,26,0.62,36,0,0,0,35.88,73,3.23,27,43,3.10,7.32,7,52,-21,46.52,3.97,0.13,0.22,30.54,93,4.72,5.34,1.99,0.99,0.99,0,0.25,1.24,0.12,50,0.99,50,0,35,58,7,26,74,0,20.89,16.55,0.89,88,-4.34,18.55,14.50,0,0,0,0,0,,0,0,,0,0,0,0,0,0,30,10,3.85,35,0.25,0.06,0.08,-0.01,,0.38,
Vania Itzel Moron León,,Puebla W,2026/2027,300,Lateral,0,0,0,,0,,,0,,0,0,0.03,0.60,0,0,0,0,0.03,0.60,0,0.03,0.60,-0.03,0.30,0.30,0,100,0.30,0,0.60,1.50,0.60,0.11,1.50,0.59,21.60,8.10,0.03,7.20,31.14,9.30,3.60,2.70,3.30,75,0.86,0.97,0.30,25,0.90,0,0,0,18.60,5.97,6.30,2.10,0.90,34.07,4.50,24,0.90,43,0.30,0,0,18.30,58,1.80,15,60,1.80,2.70,12,64,6,46.74,2.70,0.02,0.02,16.50,89,6.37,2.10,0.90,0.30,0.60,0,0,0.30,0,33,0.30,100,0,48,46,5,43,43,14,20.12,18.42,0.94,95,-1.70,19.00,17.56,0,0,0,0,0,,0,0,,0,0,0,0,0,0,45,9,3.42,29,0.06,0.04,0.19,,,0.30,
Vianney Ramirez,,León W,2026/2027,302,Lateral,0,0,0.01,0.01,0.89,0,33,1,,0.02,0,0.01,0.60,0,0,0,0,0.01,0.60,0,0.02,1.49,-0.02,0.30,0,0.30,0,0.89,0,0,1.19,3.88,3.29,2.39,1.34,13.13,6.86,0.03,4.18,37.85,11.34,3.88,2.39,6.26,100,1.50,4.79,1.19,100,0,50,0.30,0,9.55,9.32,2.98,2.98,0.30,39.47,3.28,34,1.79,60,0,0,0,33.71,76,0.89,11,30,2.98,2.39,8,38,-37,47.29,5.07,0.03,0.04,22.67,96,3.42,5.97,0.60,0,0.60,0,0.30,0.30,0,0,0,0,0,24,69,8,40,50,10,18.47,19.70,0.94,107,1.23,17.32,21.18,0,0,0,0,0,,0,0,,0,0,0,0,0,0,18,8,1.79,12,0.10,-0.10,0.03,-0.01,,0.02,
Victoria López,,Toluca W,2026/2027,192,Lateral,0,0,0.08,0.16,0.47,0,0,1,,0,0,0,0,0,0,0,0,0,0,0,0.08,0.47,-0.08,0,0,0,,2.81,0,0.94,0.47,2.34,2.69,1.40,1.71,18.25,8.89,0,8.42,40.04,12.16,3.27,4.21,6.55,75,5.14,7.83,1.40,33,1.40,100,0.47,0,12.63,15.84,7.02,0.94,0.47,46.28,7.02,56,0.94,100,0.47,0,0,44.45,84,1.87,82,57,2.34,2.34,9,90,6,42.19,2.34,0.37,0.37,33.22,97,2.49,3.74,0,0,0,0,0.94,0.94,0,,0,0,0,32,60,7,50,50,0,20.05,26.01,0.97,97,5.95,19.45,25.33,0,0,0,0,0,,0,0,,0,0,0,0,0,0,16,9,2.99,21,0.11,0.11,-0.27,-0.07,,-0.12,
Ximena Elizabeth Rios Zarate,,Pumas UNAM W,2026/2027,571,Lateral,0,0,0,,0,,,0,,0,0,0.09,0.79,0,0.09,0.79,0,0,0,0,0.09,0.79,-0.09,0.16,0,0.16,0,0.32,0,1.26,0.63,0.63,0.95,1.42,1.77,18.44,10.87,0.03,8.67,40.15,11.35,4.41,1.58,2.21,45,1.87,2.81,1.26,27,1.89,64,1.42,0,15.60,19.61,6.93,3.62,1.73,41.42,6.46,41,2.36,65,0.16,0,0,38.13,78,2.05,79,46,1.89,3.94,15,47,-31,49.78,5.67,0.59,0.72,31.83,96,4.58,8.82,0.79,0.47,0.32,0,0.16,0.63,0,60,0.47,50,0,32,55,13,50,41,9,19.37,16.93,0.94,99,-2.44,18.12,16.77,0,0,0,0,0,,0,0,,0,0,0,0,0,0,27,12,5.66,31,0.14,0.07,0.17,,,0.38,
Yaneisy Rodriguez Perez,,Toluca W,2026/2027,750,Lateral,0,0,0.00,0.01,0.24,0,50,0,,0.00,0,0.04,0.48,0,0.04,0.48,0,0,0,0,0.05,0.72,-0.05,1.32,0.60,0.72,45,0.60,0,0.84,1.56,0.96,0.93,0.48,0.51,15.59,5.88,0.02,5.04,37.29,11.15,4.20,2.04,3.00,81,2.33,3.26,1.08,43,0.48,56,0.60,0,12.47,13.64,4.44,2.76,1.32,38.63,3.72,30,1.20,43,0,0,0,40.90,72,2.16,17,37,0.72,5.64,13,60,-12,48.51,5.52,0.29,0.33,36.94,94,5.59,7.32,0.60,0.36,0.24,0,0,0.36,0,40,0.36,15,0,31,62,7,46,43,11,19.90,15.64,0.95,98,-4.25,18.83,15.34,0,0,0,0,0,,0,0,,0,0,0,0,0,0,31,12,4.40,30,0.13,0.08,0.15,-0.01,,0.34,
Yirleidis Minota,,Pachuca W,2026/2027,830,Lateral,0.11,0.11,0.03,0.03,1.08,10,20,1,,0.00,0,0.07,0.87,0,0.07,0.87,0,0,0,0.11,0.10,1.95,0.01,0.33,0.33,0,100,0.76,0,0.65,0.22,1.41,1.64,2.39,2.87,11.93,6.40,0.03,5.85,33.32,12.25,3.25,2.39,3.79,88,2.98,4.62,0.54,63,0.33,50,0.33,0.11,9.00,10.65,4.01,2.39,0.87,36.52,2.60,29,1.08,45,0.11,0,0,52.58,81,3.69,25,52,3.04,6.40,9,68,-13,42.26,6.51,0.60,0.63,44.89,98,5.84,8.24,0.76,0.76,0,0.11,0.87,1.63,0.22,0,0.11,10,0.11,36,60,4,41,53,7,21.58,19.37,0.95,92,-2.21,20.55,17.72,0,0,0,0,0,,0,0,,0,0,0,0,0,0,19,7,6.47,38,0.18,0.10,0.05,-0.06,,0.27,
Yulexi Diaz,,Puebla W,2026/2027,844,Lateral,0.11,0.11,0.04,0.09,0.43,25,75,1,,0.09,0,0,0,0,0,0,0,0,0,0.11,0.04,0.43,0.07,0.32,0.32,0,100,0.64,0,0.32,0.21,0.53,0.22,3.73,1.25,17.80,8.21,0.04,5.65,21.77,7.57,1.92,3.30,3.84,79,1.24,1.45,0.64,56,0.85,63,1.07,0,13.86,4.93,3.94,1.49,0.53,25.30,1.07,8,0.43,29,0.32,0,0,20.47,50,0.85,44,15,4.58,4.69,15,39,-11,39.09,1.49,0.10,0.11,15.24,97,3.67,0.96,0,0,0,0,0.32,0.32,0,,0,0,0,57,38,5,33,44,22,21.53,19.52,0.80,84,-2.01,17.19,16.31,0,0,0,0,0,,0,0,,0,0,0,0,0,0,50,14,1.15,12,0.02,0.05,0.19,-0.01,,0.25,
Zayra Cervantes,,Necaxa W,2026/2027,751,Lateral,0,0,0.02,0.14,0.12,0,0,0,,0,0,0.00,0.12,0,0.00,0.12,0,0,0,0,0.02,0.24,-0.02,0.60,0.48,0.12,80,0.48,0,1.32,0.96,1.08,0.32,2.88,1.13,22.77,11.87,0.02,8.87,28.79,8.63,1.68,3.12,4.20,58,1.42,1.74,1.56,29,2.28,67,0.48,0,18.10,8.16,6.59,2.76,1.20,30.37,2.76,15,0.72,26,0.36,0.12,0,15.94,56,0.72,11,24,3.00,2.88,11,46,-10,42.57,2.64,0.07,0.07,14.38,87,4.46,1.20,0.12,0.12,0,0,0.24,0.36,0,0,0,0,0,54,41,5,60,40,0,20.19,13.55,0.90,103,-6.64,18.25,13.94,0,0,0,0,0,,0,0,,0,0,0,0,0,0,52,17,1.34,15,0.03,0.04,0.05,-0.03,,0.09,
Abigail Lopez,,Puebla W,2026/2027,874,Contención,0.21,0.10,0.22,0.15,1.44,7,36,4,100,0.19,0,0.02,0.21,0,0,0,0,0.02,0.21,0.10,0.23,1.65,-0.13,0.31,0.21,0.10,67,0.93,0,0.93,1.55,0.31,0.11,0.52,0.14,19.16,9.27,0.00,4.84,54.71,5.05,2.88,0.93,1.24,50,0.43,0.54,0.62,18,0.93,25,0.21,0,17.62,5.75,3.92,2.88,0.21,56.77,10.51,60,1.85,64,0.31,0,0,14.22,69,0.93,18,41,0.52,2.27,16,58,-11,51.40,1.96,0.27,0.35,14.22,85,5.60,3.61,0.41,0.21,0.21,0,1.75,1.96,0,25,0.10,33,0,13,68,19,6,77,17,19.62,11.49,0.97,122,-8.14,18.99,13.96,0,0,0,0,0,,0,0,,0,0,0,0,0,0,28,6,2.14,21,-0.05,0.00,0.02,-0.02,,-0.04,
Alexa Soto,,América W,2026/2027,192,Contención,0.94,0.94,0.34,0.36,0.94,100,100,1,,0.83,0.47,0.04,0.94,0.47,0.04,0.94,0,0,0,1.41,0.38,1.88,1.03,1.88,0.47,1.41,25,0.47,0,0,2.82,0.47,0.69,0.47,0.69,10.81,2.82,0,4.70,50.39,6.58,2.35,2.35,2.82,71,3.85,4.54,0,33,0.94,,0,0,8.46,14.34,2.82,3.76,1.88,50.09,5.17,61,2.35,63,0,0,0,41.35,86,1.88,3,80,1.41,1.41,12,64,-22,52.74,1.88,1.34,1.56,38.06,95,3.14,8.93,1.88,1.88,0,0,2.35,4.23,0,0,0,,0,20,67,13,32,63,5,15.35,16.74,1.00,119,1.38,15.41,19.91,0,0,0,0,0,,0,0,,0,0,0,0,0,0,12,5,7.24,29,0.06,0.02,0.00,0.58,,0.66,
Alexa Vega,,Pumas UNAM W,2026/2027,463,Contención,0,0,0.09,0.05,1.75,0,33,3,,0.06,0,0.06,1.17,0,0.01,0.58,0,0.04,0.58,0,0.14,2.92,-0.14,0.19,0.19,0,100,0.58,0,1.55,0.58,0.58,0.77,0.39,0.64,18.85,10.11,0,7.19,48.50,11.86,5.83,3.69,4.28,83,4.33,5.10,1.55,33,0.78,36,0.78,0,13.99,17.64,5.44,5.44,2.33,49.58,7.58,54,3.69,68,0,0,0,33.04,71,3.30,19,55,0.78,5.64,17,76,4,51.69,6.03,0.46,0.50,28.18,92,4.63,8.16,1.75,0.39,1.36,0,1.55,1.94,0,22,0.39,67,0.19,27,68,6,26,67,7,20.93,17.59,0.94,109,-3.35,19.72,19.23,0,0,0,0,0,,0,0,,0,0,0,0,0,0,24,6,5.01,24,0.23,0.07,0.01,-0.03,,0.29,
Alexia Delgado,,Tigres UANL W,2026/2027,654,Contención,0.28,0.28,0.06,0.05,1.24,22,44,0,,0.14,0.28,0.19,1.10,0.28,0.19,1.10,0,0,0,0.55,0.25,2.34,0.30,0.28,0,0.28,0,0.55,0,0.96,1.24,0.96,1.28,1.24,1.76,14.32,7.71,0.02,5.51,45.33,11.84,7.30,1.38,2.34,83,1.87,3.15,0.83,60,0.28,50,0.96,0.14,12.12,16.74,4.41,3.86,1.24,48.10,6.20,51,2.62,68,0,0,0,57.84,87,4.41,19,73,1.38,5.92,11,71,-15,49.17,7.44,0.72,0.84,46.69,96,4.09,13.08,0.69,0.69,0,0,0.55,1.24,0,0,0,,0,16,76,8,17,79,4,19.49,16.14,0.98,107,-3.36,19.08,17.23,0,0,0,0,0,,0,0,,0,0,0,0,0,0,12,6,6.91,34,0.09,0.07,0.01,0.00,,0.17,
Amalia Phoebe López Rodríguez,,Querétaro W,2026/2027,585,Contención,0,0,0.07,0.04,1.85,0,17,2,,0.01,0.15,0.16,1.85,0.15,0.16,1.85,0,0,0,0.15,0.23,3.69,-0.08,2.77,2.15,0.62,78,1.23,0,1.38,1.69,0.62,0.57,0.62,0.53,15.85,9.23,0.02,4.77,46.22,10.62,4.77,1.54,2.15,63,1.36,1.93,1.08,38,0.92,50,0.15,0,13.23,10.98,3.54,3.23,1.08,48.10,5.85,44,1.85,57,0.46,0.15,0,36.31,81,2.15,19,56,1.38,3.08,19,72,-9,52.99,5.39,0.55,0.67,37.39,93,5.00,10.77,1.23,1.23,0,0,0.77,2.00,0.15,13,0.15,20,0.31,18,68,14,27,66,7,18.95,19.82,0.92,104,0.87,17.39,20.58,0,0,0,0,0,,0,0,,0,0,0,0,0,0,15,6,5.54,36,0.07,0.10,0.03,-0.06,,0.14,
Amanda Araceli Pérez Murillo,,Juárez W,2026/2027,608,Contención,0,0,0.11,0.09,1.33,0,22,1,,0.14,0,0.04,0.74,0,0.04,0.74,0,0,0,0,0.15,2.07,-0.15,0.30,0.15,0.15,50,1.33,0,1.04,1.19,1.63,1.66,0.74,0.84,10.96,5.78,0.03,4.15,42.83,10.67,5.93,1.33,2.96,82,1.73,3.39,1.04,83,0.30,43,0.44,0,8.59,9.70,2.96,1.48,0.59,45.76,3.56,41,1.04,70,0.15,0,0,43.85,79,2.37,18,55,1.33,3.70,13,78,-1,49.38,4.15,0.16,0.28,37.48,95,4.71,10.37,1.04,1.04,0,0,1.48,2.52,0,14,0.15,100,0.30,19,68,13,29,64,7,18.61,19.02,0.95,103,0.41,17.76,19.53,0,0,0,0,0,,0,0,,0,0,0,0,0,0,20,6,2.67,21,-0.05,0.11,-0.13,0.00,,-0.07,
Amandine Henry,,Toluca W,2026/2027,893,Contención,0.30,0.30,0.23,0.11,2.12,14,38,1,,0.18,0,0.06,0.50,0,0.06,0.50,0,0,0,0.30,0.29,2.62,0.01,0.60,0.40,0.20,67,1.41,0,1.61,1.41,0.91,1.11,1.41,1.40,12.00,5.14,0.01,4.64,43.65,11.09,6.45,0.91,1.81,56,1.28,2.39,1.01,50,0.71,79,1.92,0.20,10.08,11.97,3.83,2.92,1.31,48.16,4.54,45,1.51,52,0,0,0,44.16,83,6.05,16,71,1.81,8.17,15,75,-8,48.22,6.05,0.49,0.56,38.92,94,4.35,8.97,0.20,0.20,0,0.10,2.92,3.13,0,50,0.10,17,0.20,18,73,9,27,70,3,22.38,15.95,0.99,103,-6.43,22.13,16.47,0,0,0,0,0,,0,0,,0,0,0,0,0,0,16,5,5.07,32,0.03,0.07,0.02,-0.07,,0.05,
Amaya Arias,,Santos Laguna W,2026/2027,54,Contención,0,0,0.01,0.01,1.68,0,0,4,,0,0,0,0,0,0,0,0,0,0,0,0.01,1.68,-0.01,0,0,0,,1.68,0,0,0,0,0,5.03,1.42,13.40,5.03,0,10.05,25.01,11.73,8.38,1.68,1.68,100,0.79,0.79,0,,0,100,1.68,0,11.73,3.30,6.70,5.03,1.68,34.74,5.03,43,3.35,67,0,0,0,28.48,50,1.68,11,20,6.70,6.70,22,25,-25,50.48,5.03,1.22,1.24,23.46,100,7.08,6.70,0,0,0,0,0,0,0,,0,,0,28,72,0,25,75,0,24.80,17.55,0.72,226,-7.26,17.85,39.67,0,0,0,0,0,,0,0,,0,0,0,0,0,0,28,0,8.38,46,0.03,0.15,-1.64,-0.05,,-1.51,
Ammanda Mariée Marroquin,,Tijuana W,2026/2027,595,Contención,0,0,0.00,0.02,0.15,0,0,0,,0,0,0.01,0.30,0,0.01,0.30,0,0,0,0,0.01,0.45,-0.01,1.21,0.91,0.30,75,2.27,0,1.66,1.51,1.06,0.69,0.91,0.68,20.89,10.44,0.01,5.15,46.16,9.08,4.39,2.88,3.94,83,2.53,3.21,2.42,50,0.61,0,0,0,15.59,12.93,4.24,3.63,1.51,48.15,8.17,52,2.12,58,0.15,0,0,30.57,84,0.91,60,86,1.06,0.91,15,81,-3,51.98,2.27,0.24,0.24,27.24,91,5.34,6.81,0.61,0.61,0,0,0.45,1.06,0,25,0.15,100,0.15,17,71,12,18,73,9,14.89,15.60,1.01,96,0.72,15.00,14.99,0,0,0,0,0,,0,0,,0,0,0,0,0,0,13,2,2.39,22,0.00,0.06,0.08,-0.01,,0.13,
Amogelang Masego Motau,,Tijuana W,2026/2027,424,Contención,0,0,0.01,0.02,0.64,0,0,1,,0,0.21,0.04,0.64,0.21,0.04,0.64,0,0,0,0.21,0.05,1.27,0.16,0.42,0.21,0.21,50,0.64,0,1.48,0.42,1.48,0.80,1.06,0.42,23.34,11.88,0.04,7.85,42.55,11.24,4.45,4.03,5.52,86,2.32,3.12,1.06,25,0.64,25,0.64,0,18.24,11.34,7.00,4.03,1.48,45.62,7.42,41,2.76,68,0,0,0,31.18,82,1.70,28,44,1.27,3.61,19,83,1,45.88,1.48,0.23,0.25,28.64,94,3.92,3.82,0.21,0.21,0,0,0,0.21,0.21,0,0,,0,21,68,11,28,72,0,19.48,15.41,0.88,99,-4.07,17.17,15.28,0,0,0,0,0,,0,0,,0,0,0,0,0,0,22,5,1.89,21,-0.01,0.06,0.05,-0.02,,0.09,
América Frías,,Cruz Azul W,2026/2027,205,Contención,0,0,0.01,0.03,0.44,0,0,1,,0,0,0.09,1.76,0,0.09,1.76,0,0,0,0,0.10,2.19,-0.10,0.88,0.44,0.44,50,1.32,0,0.44,1.32,0.44,0.44,0.88,0.65,19.75,10.53,0,10.09,52.98,5.70,3.51,3.07,3.51,70,3.31,3.76,0.44,50,1.32,0,0,0,16.24,17.92,7.90,6.14,3.07,51.94,9.22,57,3.51,57,0,0,0,39.06,92,0.88,24,100,0.88,0.88,2,100,8,48.58,5.70,0.62,0.62,35.55,96,3.79,9.65,0.44,0.44,0,0,0,0.44,0.44,0,0,,0,13,71,16,23,68,9,16.37,11.19,1.03,100,-5.18,16.93,11.19,0,0,0,0,0,,0,0,,0,0,0,0,0,0,10,4,4.74,31,-0.04,0.07,0.06,-0.01,,0.08,
Andrea González,,Atlante W,2026/2027,790,Contención,0.11,0.11,0.03,0.05,0.57,20,60,0,,0.02,0.11,0.10,1.02,0,0.01,0.23,0.11,0.09,0.80,0.23,0.13,1.59,0.10,0.80,0.57,0.23,71,0.34,0,0.68,0.91,0.91,0.69,1.37,0.74,19.81,11.96,0.02,7.63,39.93,14.58,6.95,1.48,2.39,45,1.16,1.85,1.02,11,1.82,50,0.34,0.11,17.42,12.17,5.81,5.12,1.48,42.40,5.58,32,2.05,40,0.11,0,0,43.04,73,4.44,6,50,1.94,8.31,15,72,-1,43.43,2.51,0.06,0.07,30.86,96,3.13,3.64,1.94,0.34,1.59,0,0.11,0.46,0.11,12,0.23,25,0,24,67,10,41,56,3,22.72,17.54,0.92,96,-5.18,20.92,16.83,0,0,0,0,0,,0,0,,0,0,0,0,0,0,26,7,3.44,34,0.18,0.05,0.03,-0.02,,0.24,
Andrea Hernández,,Atlas W,2026/2027,47,Contención,0,0,0.02,0.01,1.91,0,0,3,,0,0,0,0,0,0,0,0,0,0,0,0.02,1.91,-0.02,3.83,3.83,0,100,5.74,0,3.83,0,3.83,4.23,1.91,2.12,22.98,19.15,0,3.83,48.75,15.32,7.66,1.91,5.74,33,2.00,6.23,0,0,3.83,,0,0,21.06,22.48,3.83,9.57,1.91,52.77,11.49,55,3.83,40,0,0,0,40.21,65,0,29,0,1.91,7.66,26,67,1,44.91,3.83,0.02,0.02,40.21,90,2.49,5.74,0,0,0,0,0,0,0,,0,,0,22,70,9,67,33,0,20.35,13.76,0.66,76,-6.60,13.35,10.49,0,0,0,0,0,,0,0,,0,0,0,0,0,0,26,0,0.77,8,-0.03,0.12,0.01,-0.05,,0.04,
Andrea Pereira,,Pumas UNAM W,2026/2027,798,Contención,0,0,0.11,0.11,1.02,0,0,1,,0,0,0.09,1.24,0,0.09,1.24,0,0,0,0,0.20,2.26,-0.20,0.79,0.56,0.23,71,0.56,0,1.47,0.68,0.34,0.45,1.47,1.64,11.73,6.88,0.01,4.63,43.49,13.65,5.87,0.79,1.13,50,1.02,1.47,0.68,0,0.79,75,1.02,0,10.27,12.03,3.50,2.48,0.56,47.01,4.17,41,1.58,64,0.11,0,0,55.06,78,4.51,20,53,2.60,7.33,17,77,-1,49.22,9.93,0.82,0.96,43.33,96,5.76,13.77,1.47,1.47,0,0,1.13,2.60,0,8,0.11,20,0,31,62,7,40,60,0,21.63,19.68,0.94,93,-1.96,20.33,18.35,0,0,0,0,0,,0,0,,0,0,0,0,0,0,21,7,6.85,35,0.11,0.03,0.04,-0.07,,0.11,
Ani Terzian Jensen,,Necaxa W,2026/2027,397,Contención,0.23,0.23,0.06,0.04,1.81,13,38,4,,0.12,0,0.06,0.91,0,0.02,0.68,0,0.04,0.23,0.23,0.13,2.72,0.10,0,0,0,,1.36,0,0.68,1.59,1.81,1.23,2.72,2.23,21.31,8.39,0.04,7.48,40.33,9.29,4.08,2.72,4.53,86,1.54,2.77,1.13,50,0.45,30,0.68,0,17.45,8.05,4.76,3.85,1.13,44.25,6.57,38,1.81,47,0.45,0,0,19.04,55,1.81,61,40,3.40,3.85,14,69,14,47.65,1.36,0.13,0.18,15.64,90,4.07,1.59,0.45,0,0.45,0,0.23,0.23,0,0,0,0,0,34,57,9,29,57,14,22.61,22.14,0.88,90,-0.47,19.98,19.83,0,0,0,0,0,,0,0,,0,0,0,0,0,0,36,4,2.22,21,0.02,0.03,0.06,0.01,,0.12,
Ashley López,,Atlas W,2026/2027,249,Contención,0,0,0.01,0.02,0.72,0,50,1,,0.00,0,0,0,0,0,0,0,0,0,0,0.01,0.72,-0.01,0,0,0,,1.08,0,0.72,0.72,0.36,0.54,2.17,2.99,22.75,11.20,0,6.14,40.37,14.09,5.42,1.08,1.44,50,1.23,1.77,1.81,0,1.08,50,0.72,0,19.86,17.04,5.06,4.33,1.44,42.06,6.50,33,2.17,50,0.72,0,0,42.98,80,2.17,20,67,2.53,2.89,23,79,-1,45.82,2.53,0.26,0.26,35.40,96,3.98,3.61,0,0,0,0,0,0,0,,0,,0,22,69,9,60,40,0,18.96,15.85,0.98,99,-3.11,18.60,15.68,0,0,0,0,0,,0,0,,0,0,0,0,0,0,25,10,2.53,23,-0.08,0.07,-0.01,-0.01,,-0.03,
Ashlyn Harvey,,Monterrey W,2026/2027,83,Contención,0,0,0,,0,,,0,,0,0,0,0,0,0,0,0,0,0,0,0,0,0,2.17,2.17,0,100,0,0,1.09,0,1.09,1.30,0,0,16.30,9.78,0,7.61,56.60,11.96,8.70,3.26,4.35,60,4.89,6.19,2.17,33,2.17,,0,0,10.87,16.45,6.52,4.35,3.26,59.24,7.61,70,3.26,75,0,0,0,59.78,75,2.17,33,33,1.09,5.43,24,62,-13,49.23,5.43,0.57,0.57,55.43,98,4.08,8.70,0,0,0,0,0,0,0,,0,,0,20,69,11,38,63,0,19.71,16.50,0.94,112,-3.21,18.50,18.44,0,0,0,0,0,,0,0,,0,0,0,0,0,0,16,2,13.80,44,-0.14,0.16,0.04,,,0.07,
Aurélie Kaci,,Juárez W,2026/2027,650,Contención,0.14,0.14,0.12,0.10,1.25,11,33,1,,0.19,0.28,0.14,1.11,0.28,0.14,1.11,0,0,0,0.42,0.26,2.35,0.16,0.55,0.42,0.14,75,0.69,0,1.38,3.18,1.11,1.31,0,0,15.79,7.34,0,5.12,56.83,9.69,6.65,2.08,3.18,71,2.94,4.25,1.25,29,0.83,50,0.83,0,12.74,16.52,4.29,4.02,1.52,59.47,8.45,66,2.49,62,0.42,0.14,0,49.30,84,2.49,9,69,0,3.60,13,78,-5,57.20,6.51,0.35,0.54,43.62,94,4.76,17.59,0.83,0.83,0,0.28,2.49,3.32,0.14,33,0.42,43,0.28,14,73,12,16,72,13,17.95,12.62,1.00,106,-5.33,18.03,13.39,0,0,0,0,0,,0,0,,0,0,0,0,0,0,20,7,5.11,35,-0.06,0.07,0.03,0.06,,0.09,
Belén Cruz,,Cruz Azul W,2026/2027,698,Contención,0.13,0.13,0.10,0.08,1.29,10,30,1,,0.15,0.13,0.07,0.77,0,0.03,0.39,0.13,0.04,0.39,0.26,0.17,2.06,0.09,1.16,0.64,0.52,56,0.90,0,1.68,3.22,0.13,0.20,1.16,1.01,14.05,6.70,0.04,5.16,47.14,7.61,4.13,1.16,1.29,82,1.21,1.42,0.90,60,0.26,50,0.26,0,11.99,12.88,4.25,2.45,1.16,51.42,6.19,52,1.55,63,0,0,0,33.14,74,2.45,20,43,1.55,5.29,19,75,2,53.96,4.25,0.38,0.41,32.10,89,4.06,9.41,1.29,0.64,0.64,0,1.93,2.58,0.26,0,0,0,0.13,21,60,19,37,48,15,19.97,15.47,0.91,90,-4.50,18.14,13.92,0,0,0,0,0,,0,0,,0,0,0,0,0,0,28,7,4.54,31,0.02,0.02,0.15,-0.06,,0.13,
Brenda Díaz,,Toluca W,2026/2027,144,Contención,0,0,0,,0,,,0,,0,0,0.08,3.14,0,0.08,3.14,0,0,0,0,0.08,3.14,-0.08,0,0,0,,0.63,0,1.88,3.14,1.88,2.53,2.51,2.61,15.68,10.03,0,8.78,41.08,6.90,4.39,3.76,5.64,86,4.85,7.38,1.88,67,0.63,100,0.63,0,10.03,11.75,5.64,4.39,2.51,45.66,3.76,38,1.25,29,0,0,0,31.99,79,2.51,5,80,2.51,3.14,21,82,3,55.50,4.39,0.59,0.63,30.73,90,3.02,10.03,0.63,0.63,0,0,0.63,1.25,0,0,0,,0.63,31,60,10,31,56,13,16.58,11.72,1.00,95,-4.86,16.57,11.18,0,0,0,0,0,,0,0,,0,0,0,0,0,0,27,8,8.03,44,-0.04,0.02,0.13,,,0.11,
Camila Díaz,,León W,2026/2027,29,Contención,0,0,0.47,0.08,6.31,0,50,5,,0.94,0,0,0,0,0,0,0,0,0,0,0.47,6.31,-0.47,3.16,0,3.16,0,0,0,3.16,9.47,0,0,0,0,3.16,0,0,0,25.52,9.47,9.47,0,0,,0,0,0,,0,,0,0,3.16,4.64,0,0,0,25.52,0,0,0,,0,0,0,28.40,89,0,13,,0,0,22,100,11,52.48,9.47,0.27,0.51,34.72,73,6.91,9.47,0,0,0,0,3.16,3.16,0,,0,,0,22,44,33,33,67,0,15.95,15.22,1.07,100,-0.73,17.00,15.22,0,0,0,0,0,,0,0,,0,0,0,0,0,0,11,0,4.73,25,0.08,0.27,,-0.33,,0.02,
Camila Vilchis,,Querétaro W,2026/2027,351,Contención,0,0,0.05,0.03,1.54,0,17,1,,0.01,0,0.05,0.51,0,0.05,0.51,0,0,0,0,0.10,2.05,-0.10,1.28,1.28,0,100,0,0,0.26,1.28,0.26,0.29,0.77,0.44,22.59,11.55,0.03,6.16,39.60,9.24,2.31,2.57,2.82,71,2.27,2.57,0.51,20,1.03,33,0.51,0,19.51,14.91,5.65,3.85,1.03,39.58,6.42,33,1.80,47,0.26,0,0,37.73,77,6.16,10,63,2.05,8.47,14,76,0,45.04,5.13,0.18,0.25,31.06,97,4.33,6.42,1.28,1.03,0.26,0,1.03,2.05,0.26,40,0.51,100,0,27,61,11,24,72,4,25.06,23.61,0.96,104,-1.45,24.03,24.50,0,0,0,0,0,,0,0,,0,0,0,0,0,0,27,9,3.23,27,0.03,0.02,0.00,-0.08,,-0.03,
Casandra Montero Rodríguez,,Pumas UNAM W,2026/2027,689,Contención,0,0,0.03,0.05,0.65,0,20,0,,0.00,0.13,0.06,1.04,0.13,0.06,0.78,0,0.00,0.26,0.13,0.09,1.70,0.04,0.39,0.39,0,100,0.26,0,0.65,0.52,0.78,1.14,4.70,5.86,11.23,4.96,0.05,7.31,26.98,14.23,4.57,2.35,3.13,78,3.27,4.41,0.78,60,0.65,68,1.70,0.13,8.10,10.44,4.44,2.22,1.31,32.52,1.57,19,1.18,53,0.13,0,0,54.45,81,6.66,19,71,5.35,8.75,9,66,-15,38.69,3.79,0.66,0.67,43.35,98,4.16,4.44,0.65,0.39,0.26,0,1.04,1.44,0.13,0,0,0,0.26,21,71,7,29,68,3,23.02,17.53,1.01,120,-5.49,23.21,21.10,0,0,0,0,0,,0,0,,0,0,0,0,0,0,18,6,6.66,33,-0.01,0.05,0.07,-0.04,,0.07,
Celeste Guevara Ortega,,Santos Laguna W,2026/2027,15,Contención,0,0,0,,0,,,0,,0,0,0,0,0,0,0,0,0,0,0,0,0,0,0,0,0,,5.81,0,0,0,0,0,5.81,1.80,11.63,5.81,0,11.63,21.81,5.81,5.81,5.81,5.81,100,1.80,1.80,0,,0,,0,0,5.81,1.80,5.81,0,0,24.19,0,0,0,,0,0,0,23.25,100,5.81,0,100,5.81,5.81,0,,,49.19,5.81,0,0,23.25,100,4.79,11.63,0,0,0,0,0,0,0,,0,,0,25,75,0,0,100,0,21.91,,1.00,,,21.91,,0,0,0,0,0,,0,0,,0,0,0,0,0,0,0,0,,,0.07,0.05,0.21,,,0.34,
Chelsea Le,,León W,2026/2027,670,Contención,0.27,0.27,0.12,0.08,1.48,18,45,2,,0.24,0,0.11,0.94,0,0.11,0.94,0,0,0,0.27,0.23,2.42,0.04,1.07,0.67,0.40,63,2.15,0.13,1.75,2.02,0.54,0.51,0.54,0.63,15.99,8.46,0.01,6.18,47.98,7.25,3.76,1.75,2.28,68,1.18,1.69,0.27,40,0.81,18,0.27,0.13,13.97,12.59,4.43,3.49,1.21,49.89,6.85,49,2.28,65,0,0,0,28.88,79,0.94,49,64,0.94,1.07,16,69,-9,54.87,4.30,0.20,0.35,29.42,90,5.91,8.33,0.94,0.81,0.13,0.27,2.69,3.49,0,29,0.54,27,0.67,12,74,14,11,73,16,16.64,17.30,0.99,100,0.67,16.43,17.32,0,0,0,0,0,,0,0,,0,0,0,0,0,0,19,8,4.43,26,0.01,0.13,0.01,0.10,,0.25,
Christian Carolina Jaramillo Quintero,,Guadalajara W,2026/2027,678,Contención,0,0,0.04,0.06,0.80,0,50,1,,0.00,0.13,0.21,2.66,0.13,0.10,1.33,0,0.10,1.33,0.13,0.25,3.45,-0.12,1.46,1.46,0,100,1.99,0,1.99,1.59,0.13,0.24,0.40,0.47,13.41,7.30,0.01,4.65,44.50,12.88,5.84,1.86,1.99,74,2.01,2.25,0.66,50,0.66,20,0.13,0.13,10.89,11.89,3.45,3.98,0.93,46.82,4.78,44,1.99,50,0,0,0,48.59,75,4.78,77,47,0.66,9.96,8,86,10,52.66,7.70,0.28,0.35,45.67,94,3.81,12.88,3.05,1.06,1.99,0.13,0.66,1.73,0.13,13,0.40,27,0,22,71,7,38,59,3,21.60,15.46,0.90,107,-6.13,19.45,16.52,0,0,0,0,0,,0,0,,0,0,0,0,0,0,23,6,8.88,50,0.21,0.12,0.01,-0.06,,0.28,
Citlali Guadalupe Hernández Durán,,Atlético San Luis W,2026/2027,516,Contención,0,0,0.06,0.08,0.70,0,25,1,,0.03,0.52,0.20,1.57,0.52,0.19,1.39,0,0.01,0.17,0.52,0.26,2.27,0.27,0.17,0,0.17,0,0.70,0,0.87,0.87,0.52,0.53,1.39,1.35,15.86,9.24,0,7.14,45.32,11.33,6.10,1.57,2.09,75,1.51,2.04,0.52,0,0.52,40,0.35,0,13.77,13.20,6.10,5.23,2.61,46.67,5.58,41,1.74,33,0,0,0,32.24,77,1.57,10,64,1.74,2.09,14,78,0,47.27,4.18,0.43,0.48,25.09,94,3.43,6.45,1.05,0.87,0.17,0,0.87,1.74,0,33,0.35,100,0,28,60,12,32,65,3,19.70,18.03,1.01,93,-1.67,19.95,16.83,0,0,0,0,0,,0,0,,0,0,0,0,0,0,27,12,4.15,18,0.09,0.05,0.04,-0.01,,0.17,
Dana Caudillo,,Tijuana W,2026/2027,51,Contención,0,0,0.08,0.02,3.54,0,0,5,,0,0,0,0,0,0,0,0,0,0,0,0.08,3.54,-0.08,0,0,0,,1.77,0,1.77,1.77,1.77,1.85,3.54,3.71,22.99,7.07,,12.38,36.83,19.45,8.84,3.54,5.30,100,4.47,6.32,1.77,100,0,0,0,0,17.68,21.57,10.61,5.30,1.77,36.93,1.77,10,1.77,33,0,0,0,38.90,79,0,5,0,3.54,5.30,0,,,50.25,1.77,1.36,1.36,33.60,89,3.40,5.30,1.77,0,1.77,0,3.54,3.54,0,0,0,0,0,13,83,4,0,100,0,18.90,,0.81,,,15.30,,0,0,0,0,0,,0,0,,0,0,0,0,0,0,21,4,3.54,20,-0.03,0.03,0.04,-0.15,,-0.11,
Dana Sandoval,,Tijuana W,2026/2027,502,Contención,0.18,0.18,0.14,0.08,1.79,10,40,3,,0.13,0,0.02,0.54,0,0.02,0.54,0,0,0,0.18,0.16,2.33,0.02,2.87,2.15,0.72,75,2.15,0,2.15,2.15,0.90,0.54,0.36,0.26,16.33,5.92,0.01,4.13,47.60,4.31,2.69,1.79,2.69,83,1.32,1.86,1.26,50,0.36,33,0.36,0,13.28,10.05,3.77,2.51,0.72,49.67,7.36,55,1.62,64,0.18,0,0,19.92,74,0.54,22,27,0.54,1.79,18,62,-12,51.36,2.51,0.33,0.39,23.87,83,6.74,4.85,0.36,0.36,0,0.18,2.87,3.23,0,50,0.54,50,0.18,14,57,28,7,81,11,17.84,15.42,0.92,108,-2.42,16.38,16.60,0,0,0,0,0,,0,0,,0,0,0,0,0,0,28,6,2.05,17,-0.01,0.04,0.05,-0.01,,0.07,
Daniela Delgado Félix,,Atlético San Luis W,2026/2027,842,Contención,0.21,0.21,0.10,0.10,0.96,22,33,1,,0.09,0.11,0.07,0.32,0.11,0.07,0.32,0,0,0,0.32,0.16,1.28,0.16,1.18,0.75,0.43,64,0.96,0,2.14,2.14,0.21,0.12,1.39,1.15,20.84,11.01,0.04,8.44,40.80,15.82,6.09,2.24,2.46,72,2.24,2.36,0.96,65,0.85,80,0.85,0.11,17.63,15.79,6.84,4.81,1.39,43.08,6.52,37,2.46,51,0,0,0,34.41,81,1.39,11,59,1.71,2.03,17,86,6,43.54,2.46,0.32,0.44,28.42,86,3.31,4.81,0.43,0.43,0,0,0.75,1.18,0.11,0,0,,0,27,62,11,38,58,4,17.00,16.52,0.99,98,-0.48,16.89,16.11,0,0,0,0,0,,0,0,,0,0,0,0,0,0,26,12,3.55,18,0.01,0.06,0.06,-0.09,,0.04,
Danna Andraca,,Necaxa W,2026/2027,239,Contención,0,0,0,,0,,,0,,0,0,0.01,0.38,0,0.01,0.38,0,0,0,0,0.01,0.38,-0.01,0,0,0,,2.26,0,2.26,0.75,1.51,0.31,1.89,0.29,20.37,9.43,0,3.39,34.88,9.81,3.02,2.26,3.77,86,0.27,0.58,0.38,0,0.38,,0,0,17.73,2.78,2.26,5.66,1.13,36.65,3.77,21,2.26,40,0,0,0,19.99,74,0,13,0,2.26,0.38,15,50,-24,47.40,1.13,0.04,0.04,19.24,84,6.20,1.89,0,0,0,0,0.38,0.38,0,,0,,0,17,70,13,20,80,0,16.39,17.61,0.89,78,1.22,14.54,13.79,0,0,0,0,0,,0,0,,0,0,0,0,0,0,30,13,1.55,15,-0.02,0.03,0.06,,,0.07,
Diana García,,Monterrey W,2026/2027,658,Contención,0.68,0.68,0.41,0.17,2.46,28,50,2,,0.41,0,0.06,1.23,0,0.06,1.23,0,0,0,0.68,0.47,3.69,0.21,0.55,0.41,0.14,75,1.64,0,2.60,2.19,0.82,1.05,0.55,0.76,13.54,6.16,0.02,5.34,54.08,13.13,8.34,1.64,2.46,67,2.40,3.44,0.55,33,0.82,53,1.09,0,11.35,15.71,4.65,2.87,1.64,57.54,8.21,72,2.60,90,0.14,0,0,49.79,80,2.87,33,54,1.37,4.51,19,76,-3,56.63,8.48,0.95,1.13,46.24,92,4.75,18.19,0.96,0.96,0,0.27,3.97,4.92,0.41,14,0.14,20,0.41,20,69,11,18,73,9,19.25,16.42,0.94,96,-2.83,18.14,15.68,0,0,0,0,0,,0,0,,0,0,0,0,0,0,23,8,7.88,33,0.03,0.05,0.04,0.06,,0.18,
Diana Judith Ponce Gómez,,Necaxa W,2026/2027,223,Contención,0,0,0.01,0.01,0.81,0,0,3,,0,0,0.07,1.62,0,0.07,1.62,0,0,0,0,0.08,2.42,-0.08,0,0,0,,1.21,0,1.62,0.81,0,0,2.02,0.38,17.78,7.68,0,3.64,44.32,6.06,4.44,1.62,1.62,67,0.67,0.67,0,0,0.81,20,0.40,0,16.16,6.18,2.83,4.44,0.40,50.89,8.08,50,2.83,64,0,0,0,12.53,94,0,23,,2.02,0,13,75,-19,56.70,1.62,0.12,0.19,12.53,84,4.64,6.06,1.62,1.62,0,0,0.40,2.02,0,0,0,,0,28,53,19,33,53,13,12.63,10.06,0.97,81,-2.57,12.27,8.19,0,0,0,0,0,,0,0,,0,0,0,0,0,0,16,9,3.72,32,0.13,0.06,0.24,-0.02,,0.41,
Diana Salmoran,,Puebla W,2026/2027,125,Contención,0,0,0,,0,,,0,,0,0,0,0,0,0,0,0,0,0,0,0,0,0,0.72,0.72,0,100,0,0,1.44,1.44,2.15,0.41,0,0,17.23,9.33,0,5.02,41.47,8.61,1.44,1.44,3.59,100,0.19,0.60,0.72,100,0,,0,0,15.07,3.05,4.31,3.59,0.72,43.09,4.31,29,0.72,20,0,0,0,17.94,64,0.72,27,25,0.72,2.15,24,50,-14,43.03,0.72,0,0,14.36,85,3.17,0.72,0,0,0,0,0,0,0,,0,,0,40,48,12,0,100,0,20.26,21.31,0.79,48,1.05,15.95,10.21,0,0,0,0,0,,0,0,,0,0,0,0,0,0,28,0,0.72,23,-0.03,0.06,0.06,,,0.09,
Doménica Vera,,Santos Laguna W,2026/2027,858,Contención,0,0,0.05,0.09,0.52,0,20,0,,0.02,0,0.02,0.52,0,0.02,0.52,0,0,0,0,0.07,1.05,-0.07,0.52,0.42,0.10,80,0.42,0,1.26,1.68,2.31,1.04,1.26,0.50,21.30,9.97,0.01,7.76,41.38,14.37,6.50,2.41,4.72,72,1.22,2.26,1.05,44,0.94,67,0.42,0,17.94,8.85,6.08,5.46,2.10,43.76,6.82,38,2.52,46,0.21,0,0,33.57,77,1.05,12,42,1.57,2.20,17,77,-1,48.89,2.62,0.18,0.29,26.02,91,4.83,6.40,0.21,0.21,0,0.10,1.05,1.26,0,0,0,0,0.21,25,63,12,21,70,8,16.57,15.58,0.96,98,-0.99,15.89,15.25,0,0,0,0,0,,0,0,,0,0,0,0,0,0,21,7,2.58,21,0.01,0.07,0.03,-0.01,,0.10,
Ella Sanchez,,Pachuca W,2026/2027,420,Contención,0,0,0.09,0.05,1.93,0,22,2,,0.02,0,0.03,0.64,0,0.03,0.64,0,0,0,0,0.12,2.57,-0.12,0.43,0.43,0,100,0.43,0,0.64,0.64,0.86,1.20,0.43,0.33,17.34,9.21,0,4.93,47.41,11.35,7.71,2.36,3.21,85,2.94,4.14,1.28,33,0.43,57,0.86,0,13.70,16.08,3.85,3.21,0.21,48.83,6.64,48,1.71,53,0,0,0,41.11,80,2.78,20,68,0.43,4.07,12,79,0,50.95,4.71,0.41,0.46,33.40,96,4.55,9.21,0.64,0.64,0,0,0.86,1.50,0,0,0,0,0,28,55,17,33,58,9,18.16,12.89,0.97,104,-5.27,17.67,13.39,0,0,0,0,0,,0,0,,0,0,0,0,0,0,22,6,5.91,29,0.00,0.12,0.02,-0.02,,0.12,
Eva Beatriz González Tate,,Guadalajara W,2026/2027,772,Contención,0,0,0.01,0.02,0.23,0,50,0,,0.00,0,0.02,0.58,0,0.02,0.58,0,0,0,0,0.03,0.82,-0.03,0.47,0.23,0.23,50,0.58,0,0.47,1.40,0.82,0.77,1.63,2.18,19.25,9.57,0.01,8.17,40.39,13.06,6.88,3.15,3.97,77,3.37,4.15,0.70,30,0.93,40,0.47,0,15.40,16.50,6.30,4.20,1.98,41.90,5.13,33,1.98,47,0.12,0,0,43.16,82,2.68,33,68,1.87,3.73,11,79,-3,47.17,4.78,0.56,0.57,33.25,96,5.12,8.28,0,0,0,0,0.12,0.12,0,,0,0,0.12,22,71,7,24,72,4,19.94,15.79,0.99,103,-4.14,19.74,16.29,0,0,0,0,0,,0,0,,0,0,0,0,0,0,19,6,7.03,37,0.04,0.05,0.05,-0.01,,0.14,
Eva Vlassopoulos,,Atlas W,2026/2027,177,Contención,0,0,0.20,0.20,1.01,0,50,2,,0.22,0,0.06,0.51,0,0.06,0.51,0,0,0,0,0.26,1.52,-0.26,2.03,1.01,1.01,50,0.51,0,3.55,3.55,1.01,0.39,1.01,1.29,25.87,10.14,0,6.09,55.90,6.09,3.55,2.03,3.04,67,1.52,1.91,2.03,0,1.01,0,0,0,21.81,24.43,5.58,4.06,1.52,56.32,13.19,60,3.04,75,0.51,0,0,26.38,56,2.03,63,50,1.52,3.55,17,44,-11,55.53,1.01,0.22,0.57,30.94,79,7.15,3.04,1.01,0.51,0.51,0,2.03,2.54,0,0,0,0,0,13,67,20,0,67,33,19.85,17.72,0.94,84,-2.13,18.74,14.80,0,0,0,0,0,,0,0,,0,0,0,0,0,0,46,11,2.03,23,-0.12,0.10,0.01,-0.02,,-0.04,
Fatima Ramirez Padilla,,Querétaro W,2026/2027,16,Contención,0,0,0,,0,,,0,,0,0,0,0,0,0,0,0,0,0,0,0,0,0,10.92,0,10.92,0,0,0,5.46,10.92,0,0,0,0,5.46,5.46,0,5.46,61.16,10.92,5.46,0,0,,0,0,0,,0,,0,0,5.46,7.91,5.46,0,0,61.75,5.46,100,0,,0,0,0,32.76,67,0,50,,0,0,0,,,49.55,0,2.69,2.69,38.22,57,5.68,0,0,0,0,0,0,0,0,,0,,0,0,67,33,,,,19.13,,0.88,,,16.86,,0,0,0,0,0,,0,0,,0,0,0,0,0,0,33,0,,,-0.21,-0.01,0.10,,,-0.12,
Fatima Servin,,Monterrey W,2026/2027,462,Contención,0.19,0.19,0.07,0.03,1.95,10,40,2,,0.08,0.39,0.37,2.73,0.19,0.21,1.75,0.19,0.16,0.97,0.58,0.44,4.68,0.14,0.19,0.19,0,100,0.58,0,0.39,1.17,0,0,3.90,5.25,13.45,7.41,0.02,5.07,39.09,16.77,8.38,0.39,0.39,25,0.55,0.55,0.39,17,1.17,67,0.39,0,12.67,16.68,4.09,4.09,1.75,42.70,3.12,25,1.56,38,0.19,0,0,66.10,76,8.58,12,56,4.29,14.82,10,72,-4,51.02,9.16,0.92,0.98,52.65,99,3.08,15.79,2.73,1.75,0.97,0.19,0.78,2.53,0.58,14,0.58,75,0.19,25,68,8,33,65,1,23.99,15.28,0.91,99,-8.71,21.81,15.19,0,0,0,0,0,,0,0,,0,0,0,0,0,0,23,6,11.04,45,0.22,0.08,0.05,-0.04,,0.31,
Fernanda Monroy,,Toluca W,2026/2027,94,Contención,0,0,0.13,0.05,2.89,0,67,3,,0.36,0,0,0,0,0,0,0,0,0,0,0.13,2.89,-0.13,7.70,4.81,2.89,63,2.89,0,5.77,7.70,0,0,0.96,1.29,13.47,4.81,0,0,47.58,6.74,5.77,1.92,1.92,67,2.59,2.59,4.81,50,0.96,0,0,0,6.74,7.88,0,1.92,0,47.99,3.85,57,1.92,100,0.96,0,0,22.14,65,0.96,27,100,0.96,0.96,13,67,1,62.39,2.89,0.18,0.29,44.27,72,5.33,9.62,1.92,1.92,0,0,7.70,9.62,0,0,0,0,0,35,57,9,50,40,10,15.43,21.22,0.97,81,5.79,14.97,17.09,0,0,0,0,0,,0,0,,0,0,0,0,0,0,39,13,3.08,13,-0.13,0.01,-0.01,0.12,,0.00,
Gabriela Antonia García Segura,,América W,2026/2027,728,Contención,0.37,0.37,0.17,0.07,2.35,16,37,1,,0.28,0.25,0.22,1.36,0.25,0.22,1.36,0,0,0,0.62,0.39,3.71,0.23,1.48,0.87,0.62,58,0.49,0,1.11,1.73,0.62,0.97,0.74,1.11,15.83,9.03,0.03,5.94,46.63,15.21,7.42,2.35,2.97,76,3.67,4.64,2.60,60,0.74,75,2.23,0.12,10.88,16.26,4.33,3.59,1.36,48.96,5.81,53,2.10,59,0.62,0,0,55.52,81,3.21,19,74,1.11,3.96,14,77,-5,47.64,6.80,1.01,1.28,45.25,94,4.35,10.88,0.74,0.74,0,0.12,4.95,5.69,0.37,17,0.12,100,0.25,25,66,9,34,63,3,18.16,16.88,1.02,108,-1.28,18.50,18.17,0,0,0,0,0,,0,0,,0,0,0,0,0,0,16,6,8.00,31,0.00,0.07,0.01,-0.04,,0.03,
Grace Asantewaa,,Tigres UANL W,2026/2027,252,Contención,0,0,0.07,0.05,1.43,0,0,1,,0,0,0,0,0,0,0,0,0,0,0,0.07,1.43,-0.07,2.86,1.43,1.43,50,3.21,0,1.43,1.78,1.43,2.37,1.43,2.02,12.49,3.21,0,3.21,44.70,9.99,6.42,2.50,3.93,88,3.68,6.05,1.07,0,0.36,100,1.43,0.36,8.92,12.18,2.14,3.57,0.71,48.11,4.28,48,2.14,60,0,0,0,52.47,89,3.57,5,77,1.43,4.64,9,93,4,52.17,6.78,0.56,0.63,53.18,95,5.92,13.21,0.71,0.36,0.36,0,1.43,1.78,0,0,0,0,0,12,77,11,16,81,3,19.25,16.27,0.99,95,-2.98,19.03,15.51,0,0,0,0,0,,0,0,,0,0,0,0,0,0,11,4,7.50,33,-0.04,0.14,0.01,-0.07,,0.04,
Ilana Zanger,,Tigres UANL W,2026/2027,222,Contención,0,0,0.05,0.04,1.22,0,67,1,,0.07,0,0.02,0.81,0,0.02,0.81,0,0,0,0,0.07,2.03,-0.07,0.41,0,0.41,0,3.24,0,0.81,1.62,1.62,2.35,0.81,1.22,23.10,9.73,0.09,9.32,46.93,15.81,9.32,2.03,3.65,38,2.93,5.28,1.62,13,3.24,0,0,0,19.46,30.02,7.30,6.49,2.84,48.59,8.51,44,2.84,44,0,0,0,69.31,87,4.86,11,86,0.81,5.67,10,82,-5,50.97,10.13,0.56,0.59,60.39,97,4.59,17.02,1.22,0.81,0.41,0,1.62,2.43,0,0,0,0,0,18,69,12,31,60,10,18.62,18.70,1.00,104,0.08,18.67,19.40,0,0,0,0,0,,0,0,,0,0,0,0,0,0,11,3,8.15,41,-0.04,0.07,0.23,-0.01,,0.25,
Irene Guerrero,,América W,2026/2027,579,Contención,0.62,0.47,0.18,0.08,2.17,21,57,2,100,0.46,0.93,0.37,4.19,0.62,0.29,2.95,0.31,0.08,1.24,1.40,0.54,6.37,0.85,2.64,1.55,1.09,59,1.09,0,1.71,2.80,0.47,0.74,0.47,0.54,10.72,5.59,0,3.26,53.64,10.10,6.68,2.17,2.64,88,3.46,4.20,0.62,67,0.31,100,0.16,0,7.92,11.80,2.80,3.88,1.71,55.89,5.28,67,2.95,76,0.16,0,0,62.76,76,4.35,10,45,0.78,9.32,15,86,9,59.56,10.10,1.19,1.38,60.89,93,4.17,24.23,4.66,3.11,1.55,0.62,3.26,6.37,0.47,17,1.09,39,1.24,23,69,8,37,59,4,18.84,14.10,0.93,97,-4.75,17.53,13.69,0,0,0,0,0,,0,0,,0,0,0,0,0,0,23,9,13.30,57,0.11,0.08,0.04,0.18,,0.41,
Izabelle Astrid Hernandez,,Atlético San Luis W,2026/2027,48,Contención,0,0,0.16,0.09,1.87,0,100,2,,1.28,0,0,0,0,0,0,0,0,0,0,0.16,1.87,-0.16,7.48,7.48,0,100,0,0,3.74,0,0,0,0,0,26.19,14.96,0,5.61,41.19,9.35,3.74,0,0,,0,0,3.74,,0,,0,0,22.45,21.42,5.61,5.61,1.87,41.19,7.48,33,3.74,67,1.87,0,0,48.63,81,5.61,10,100,3.74,1.87,27,86,5,48.00,5.61,0.51,0.51,54.24,93,4.91,5.61,0,0,0,0,3.74,3.74,0,,0,,0,19,69,12,33,67,0,18.78,22.73,1.07,113,3.95,20.14,25.79,0,0,0,0,0,,0,0,,0,0,0,0,0,0,23,8,5.61,23,-0.08,0.18,0.00,0.23,,0.32,
Jade Bailey,,Querétaro W,2026/2027,542,Contención,0,0,0.05,0.11,0.50,0,0,0,,0,0,0.02,0.33,0,0.02,0.33,0,0,0,0,0.07,0.83,-0.07,0.66,0.50,0.17,75,0.17,0,0.50,0.66,1.16,1.00,2.82,2.54,17.92,10.12,0,6.31,38.47,12.28,4.48,2.32,3.48,88,2.15,3.15,2.65,67,0.33,50,1.49,0,13.11,11.55,4.81,3.32,1.33,44.48,5.14,39,1.16,35,0,0,0,40.15,72,1.99,15,44,3.32,3.98,15,61,-11,43.27,4.31,0.72,0.72,29.37,97,3.48,5.64,0,0,0,0,1.00,1.00,0,,0,,0,30,59,11,29,68,3,19.51,17.24,0.94,81,-2.27,18.35,13.92,0,0,0,0,0,,0,0,,0,0,0,0,0,0,26,8,3.83,26,0.04,0.06,0.15,-0.04,,0.21,
Janeth Valdez,,Pachuca W,2026/2027,152,Contención,0,0,0.08,0.03,2.37,0,0,2,,0,0,0.08,1.78,0,0.08,1.78,0,0,0,0,0.16,4.14,-0.16,0.59,0.59,0,100,2.37,0,1.18,1.18,0,0,0.59,0.86,19.54,9.47,0,8.29,51.98,11.84,6.51,1.18,1.18,67,1.51,1.51,0.59,0,0.59,0,0,0,18.36,24.08,7.11,5.33,1.78,50.66,10.07,55,3.55,67,0,0,0,46.78,89,1.18,20,33,1.18,2.96,26,86,-3,52.54,7.11,0.90,0.97,43.22,97,4.88,10.66,0.59,0.59,0,0,1.18,1.78,0.59,100,0.59,50,0,19,70,11,44,50,6,17.51,16.21,0.92,95,-1.30,16.04,15.38,0,0,0,0,0,,0,0,,0,0,0,0,0,0,16,11,7.16,33,0.14,0.10,0.02,-0.11,,0.15,
Jaquelín García Cruz,,Tijuana W,2026/2027,199,Contención,0.45,0.45,0.06,0.04,1.36,33,33,2,,0.01,0,0,0,0,0,0,0,0,0,0.45,0.06,1.36,0.39,0.45,0.45,0,100,1.81,0,0.90,0.45,0.45,0.11,4.07,4.23,12.20,7.68,0,4.52,32.01,15.36,4.52,2.26,2.71,100,1.94,2.05,0.45,100,0,57,1.81,0,9.49,8.34,2.71,2.71,0.90,38.11,2.71,29,0.90,33,0.45,0,0,24.84,82,1.36,19,50,4.52,2.26,18,80,-2,42.54,0.45,0.76,0.86,18.97,93,2.79,2.71,0,0,0,0,1.36,1.36,0,,0,,0,9,77,14,0,67,33,17.55,14.95,0.92,102,-2.60,16.20,15.29,0,0,0,0,0,,0,0,,0,0,0,0,0,0,16,4,1.81,10,-0.02,0.08,0.11,-0.07,,0.11,
Joselyn de la Rosa,,León W,2026/2027,193,Contención,0.47,0.47,0.16,0.04,4.21,11,22,4,,0.27,0,0.00,0.47,0,0.00,0.47,0,0,0,0.47,0.16,4.68,0.31,0.47,0.47,0,100,2.34,0,0.47,0.94,1.40,1.40,1.87,1.47,14.03,5.14,0.05,5.14,42.50,11.69,6.08,1.87,3.27,80,2.71,4.11,0,100,0.47,60,1.40,0.47,12.16,11.46,3.74,2.81,1.40,47.46,5.61,46,0.94,33,0,0,0,37.87,77,3.27,23,64,1.87,5.14,8,86,8,50.77,6.08,0.30,0.41,35.06,97,4.86,9.35,0,0,0,0,3.27,3.27,0.47,,0,0,0,21,73,6,15,85,0,20.16,13.35,0.99,97,-6.81,20.00,12.94,0,0,0,0,0,,0,0,,0,0,0,0,0,0,11,1,7.81,32,-0.06,0.12,0.04,-0.13,,-0.03,
Julia Valadez,,Pachuca W,2026/2027,246,Contención,0,0,0.07,0.05,1.46,0,25,1,,0.08,0,0.00,0.37,0,0.00,0.37,0,0,0,0,0.07,1.83,-0.07,2.20,0.73,1.46,33,2.56,0,1.83,2.93,0,0,0.37,0.53,29.27,16.10,0,7.68,55.96,11.34,6.59,2.93,2.93,80,3.47,3.47,1.83,33,0.73,20,0.37,0,24.51,26.26,6.59,6.95,1.83,57.25,17.56,72,4.76,68,0,0,0,51.59,82,3.66,10,83,0.73,4.02,20,83,0,51.21,8.42,0.39,0.43,50.49,91,4.88,13.54,0,0,0,0,0.73,0.73,0,,0,0,0,22,65,13,43,54,3,18.21,16.02,1.00,103,-2.19,18.12,16.56,0,0,0,0,0,,0,0,,0,0,0,0,0,0,20,8,4.06,33,-0.06,0.10,0.06,-0.04,,0.06,
K.Landa,,Santos Laguna W,2026/2027,134,Contención,0,0,0.02,0.03,0.67,0,0,1,,0,0.67,0.14,1.34,0,0.01,0.67,0.67,0.12,0.67,0.67,0.16,2.01,0.51,0,0,0,,0,0,0.67,0,2.01,0.85,4.02,2.66,24.13,14.74,0,10.05,27.11,11.39,1.34,6.03,8.04,90,3.04,3.88,0.67,75,0.67,60,2.01,0,17.42,8.43,8.04,2.68,1.34,27.49,0.67,4,0,0,0,0,0,28.15,62,6.03,17,39,4.69,14.74,13,57,-4,42.88,5.36,0.18,0.39,18.76,96,6.50,3.35,1.34,0,1.34,0,0,0,0,0,0,,0,48,46,6,80,20,0,31.64,18.84,0.84,80,-12.81,26.49,15.10,0,0,0,0,0,,0,0,,0,0,0,0,0,0,38,4,2.95,22,0.07,0.09,0.16,-0.03,,0.29,
Karen Becerril,,Atlante W,2026/2027,898,Contención,0,0,0.02,0.03,0.90,0,44,1,,0.05,0.10,0.05,1.00,0.10,0.05,1.00,0,0,0,0.10,0.07,1.90,0.03,0.90,0.80,0.10,89,1.40,0,1.20,2.51,0.70,0.46,0.70,0.41,23.76,12.33,0.04,7.92,46.61,9.92,4.11,2.10,2.81,68,1.53,1.99,1.50,38,1.00,33,0.20,0,20.15,12.68,6.31,5.41,2.00,48.07,9.52,47,3.31,61,0,0,0,26.76,72,1.10,27,44,1.00,2.21,19,78,6,48.27,3.01,0.21,0.24,28.27,88,6.05,4.51,0.80,0.50,0.30,0,0.30,0.80,0.10,38,0.30,30,0.10,30,59,11,36,58,7,19.90,17.60,0.94,99,-2.30,18.78,17.46,0,0,0,0,0,,0,0,,0,0,0,0,0,0,29,8,2.95,28,0.06,0.05,0.05,-0.02,,0.13,
Karen De León,,Santos Laguna W,2026/2027,313,Contención,0,0,0,,0,,,0,,0,0,0,0,0,0,0,0,0,0,0,0,0,0,0,0,0,,0.29,0,0.29,1.15,1.15,0.67,4.59,2.28,21.82,14.36,0.03,8.04,32.24,12.35,2.01,2.87,4.02,71,1.75,2.42,2.01,0,1.15,50,0.86,0,16.94,8.13,6.03,4.31,1.15,38.57,4.59,27,0.86,20,0.57,0,0,33.88,70,2.01,13,47,5.17,3.73,20,72,2,42.68,2.30,0.11,0.11,26.99,96,3.76,3.73,0,0,0,0,0,0,0,,0,0,0,34,57,9,31,54,15,18.75,13.34,0.92,121,-5.41,17.18,16.16,0,0,0,0,0,,0,0,,0,0,0,0,0,0,29,8,1.23,13,-0.02,0.06,0.19,,,0.24,
Karen Estrella,,Atlas W,2026/2027,530,Contención,0.17,0.17,0.11,0.10,1.19,14,14,1,,0.13,0,0.06,1.53,0,0.04,1.19,0,0.01,0.34,0.17,0.17,2.72,0.00,0.85,0.51,0.34,60,1.53,0,2.88,1.36,1.02,1.06,0.85,0.85,19.52,8.65,0.02,6.45,43.83,14.09,5.77,1.53,2.55,64,1.33,2.39,0.17,17,0.85,67,0.34,0,17.82,17.32,4.92,4.58,1.87,44.90,5.09,29,1.53,33,0,0,0,45.99,82,1.87,17,65,1.36,2.38,20,81,0,49.31,4.41,0.40,0.42,42.77,91,4.87,8.82,0.34,0.17,0.17,0,1.70,1.87,0.17,50,0.17,50,0,17,67,16,17,75,8,17.61,16.90,1.00,105,-0.71,17.61,17.73,0,0,0,0,0,,0,0,,0,0,0,0,0,0,23,8,3.65,35,-0.06,0.10,0.01,0.02,,0.07,
Karla Nieto,,Pachuca W,2026/2027,644,Contención,0,0,0.05,0.05,1.12,0,13,1,,0.01,0.14,0.12,1.40,0.14,0.12,1.26,0,0.00,0.14,0.14,0.18,2.52,-0.04,0.70,0.42,0.28,60,0.84,0,0.98,0.56,0.84,1.12,0.70,0.80,19.86,9.93,0,8.67,45.92,14.12,6.71,2.66,3.50,68,3.13,4.26,1.12,57,1.26,40,0.28,0,16.08,18.65,6.29,6.15,2.38,48.89,8.53,53,3.64,59,0.42,0.14,0,48.67,80,3.36,21,80,0.84,4.06,16,62,-18,46.02,5.03,0.53,0.54,39.30,96,5.08,8.39,0.14,0.14,0,0.14,0.70,0.84,0.14,0,0,0,0.14,20,70,9,23,70,7,18.03,15.74,1.02,118,-2.30,18.46,18.49,0,0,0,0,0,,0,0,,0,0,0,0,0,0,23,8,8.06,42,0.03,0.08,0.06,-0.03,,0.13,
Karoll Naranjo,,Atlante W,2026/2027,10,Contención,0,0,0,,0,,,0,,0,0,0,0,0,0,0,0,0,0,0,0,0,0,0,0,0,,0,0,0,0,0,0,0,0,25.92,8.64,0,8.64,17.75,25.92,0,0,0,,0,0,0,,0,,0,0,25.92,28.75,8.64,0,0,18.35,0,0,0,,0,0,0,43.20,60,0,67,,0,0,0,,,27.12,0,0,0,17.28,100,0.65,0,0,0,0,0,0,0,0,,0,,0,40,60,0,,,,9.46,,1.36,,,12.90,,0,0,0,0,0,,0,0,,0,0,0,0,0,0,20,0,,,-0.26,0.02,0.28,,,0.04,
Laura Herrera Alonso,,Puebla W,2026/2027,875,Contención,0.10,0.10,0.03,0.06,0.41,25,50,1,,0.12,0,0.07,0.93,0,0.07,0.93,0,0,0,0.10,0.10,1.34,0.01,1.54,1.23,0.31,80,1.23,0,0.93,1.34,1.44,0.46,1.44,0.49,20.57,12.04,0.04,7.61,37.65,12.65,5.35,2.67,4.11,62,1.01,1.47,0.51,11,1.65,57,0.41,0,17.38,6.08,5.45,2.57,0.62,39.81,5.04,29,1.13,44,0.21,0,0,25.41,78,1.44,16,54,1.54,2.57,16,83,5,46.52,2.37,0.23,0.26,21.70,92,5.24,4.63,0.21,0.21,0,0.21,0.62,0.82,0.10,0,0.21,67,0.31,23,65,12,20,71,9,18.56,12.16,0.95,112,-6.40,17.62,13.56,0,0,0,0,0,,0,0,,0,0,0,0,0,0,26,11,2.82,28,0.03,0.11,-0.01,0.07,,0.20,
Liliana Mercado,,Juárez W,2026/2027,363,Contención,0,0,0.01,0.01,0.99,0,25,1,,0.00,0,0.06,0.50,0,0.03,0.25,0,0.03,0.25,0,0.07,1.49,-0.07,0.74,0.50,0.25,67,1.24,0,3.23,1.49,0.50,0.54,0.74,0.70,21.09,10.92,0,4.22,49.98,8.68,3.47,2.48,2.98,83,2.82,3.36,2.23,50,0.50,50,0.25,0,16.37,18.64,3.72,3.72,0.99,52.51,8.68,53,1.74,47,0.25,0,0,44.91,74,2.73,18,41,0.99,6.45,14,71,-2,50.46,3.72,0.35,0.36,43.67,90,4.28,8.68,0.99,0.74,0.25,0,0.50,1.24,0,0,0,0,0,19,71,11,26,66,9,20.67,18.28,0.87,105,-2.39,17.97,19.24,0,0,0,0,0,,0,0,,0,0,0,0,0,0,23,6,7.77,56,-0.02,0.01,0.06,-0.03,,0.02,
Liliana Rodríguez,,Cruz Azul W,2026/2027,96,Contención,0.93,0.93,0.18,0.05,3.74,25,25,5,,0.88,0.93,0.33,3.74,0,0.19,2.80,0.93,0.14,0.93,1.87,0.51,7.48,1.36,0,0,0,,0.93,0,0.93,0.93,0.93,1.42,0.93,1.42,7.48,1.87,0,1.87,48.87,2.80,0.93,0.93,1.87,100,1.17,2.59,0.93,,0,0,0,0,5.61,8.49,0.93,2.80,0,50.60,3.74,67,2.80,100,0.93,0,0,37.39,78,4.67,88,71,2.80,4.67,20,67,-11,59.80,7.48,0.34,0.68,33.65,94,2.61,11.22,4.67,1.87,2.80,0,1.87,3.74,0,40,1.87,67,0,13,69,18,33,67,0,19.61,21.45,1.02,76,1.84,19.93,16.25,0,0,0,0,0,,0,0,,0,0,0,0,0,0,29,16,8.23,27,0.03,0.02,-0.02,0.24,,0.28,
Lizbeth Ángeles Mercado,,Cruz Azul W,2026/2027,437,Contención,0,0,0.01,0.01,1.03,0,60,1,,0.01,0,0.16,1.44,0,0.16,1.24,0,0.00,0.21,0,0.17,2.47,-0.17,0.41,0.41,0,100,1.65,0,1.24,1.24,0.62,0.46,1.44,1.08,18.74,10.30,0,6.80,42.69,10.51,5.15,2.27,2.88,61,2.37,2.84,1.24,22,1.44,67,0.41,0,15.24,12.54,4.94,4.12,1.65,44.63,6.59,43,1.65,40,0.21,0,0,37.69,77,2.68,5,59,2.27,3.71,23,78,2,44.68,1.85,0.41,0.43,36.25,95,3.80,4.12,1.03,1.03,0,0.21,0.21,1.24,0,20,0.41,67,0.21,22,68,9,40,55,5,20.08,18.84,0.97,95,-1.24,19.53,17.98,0,0,0,0,0,,0,0,,0,0,0,0,0,0,26,8,4.35,31,0.01,0.09,-0.01,-0.02,,0.07,
Lía Betsabé Morán Torres,,Tijuana W,2026/2027,546,Contención,0,0,0.00,0.02,0.16,0,100,0,,0.02,0,0.08,0.99,0,0.08,0.99,0,0,0,0,0.09,1.15,-0.09,0.66,0.33,0.33,50,1.32,0,1.98,0.66,0.99,0.61,1.65,1.22,20.92,10.38,0.01,9.39,38.52,12.36,3.62,3.13,4.12,66,2.01,2.63,0.82,33,1.65,45,0.82,0,16.97,12.35,7.58,4.45,1.98,39.36,5.11,30,2.97,67,0,0,0,31.96,84,2.31,16,61,1.98,3.46,13,83,-1,46.32,3.30,0.19,0.26,26.69,91,4.15,5.44,0.49,0.33,0.16,0.16,0.33,0.66,0,0,0.16,20,0.16,28,64,8,21,67,12,18.76,15.31,0.96,106,-3.45,17.99,16.28,0,0,0,0,0,,0,0,,0,0,0,0,0,0,21,8,3.79,29,0.09,0.04,0.03,0.00,,0.16,
Marcela Valencia,,Monterrey W,2026/2027,738,Contención,0.49,0.49,0.07,0.04,1.83,27,60,1,,0.17,0.12,0.16,2.44,0,0.08,1.59,0.12,0.07,0.85,0.61,0.23,4.27,0.38,1.22,1.10,0.12,90,1.10,0,0.61,1.59,0.61,0.81,0.98,1.35,16.84,6.47,0.01,7.69,46.95,16.60,9.15,1.46,2.07,60,2.19,3.00,0.61,27,0.98,71,0.61,0,14.89,21.21,6.47,6.47,3.17,49.18,7.08,48,4.15,64,0,0,0,61.26,81,7.57,13,71,1.95,9.64,15,77,-4,50.35,9.88,0.63,0.70,56.13,97,6.06,14.76,2.32,0.98,1.34,0.37,1.34,2.32,0.12,5,0.12,10,0.24,16,75,9,26,66,8,21.61,17.74,0.99,100,-3.87,21.34,17.78,0,0,0,0,0,,0,0,,0,0,0,0,0,0,19,6,10.10,47,0.09,0.15,0.02,0.07,,0.32,
Maria Cristina Montaño Osuna,,Cruz Azul W,2026/2027,310,Contención,0,0,0.10,0.05,2.03,0,43,3,,0.08,0,0.13,1.45,0,0.08,0.87,0,0.05,0.58,0,0.22,3.48,-0.22,1.16,0.29,0.87,25,1.16,0,2.90,1.45,0,0,0.58,0.65,21.17,9.86,0,8.70,54.86,10.73,5.51,0.87,0.87,43,0.91,0.91,0.29,20,1.16,29,0.58,0,20.01,27.37,7.83,6.67,2.32,56.94,12.47,62,4.93,74,0,0,0,35.10,77,1.45,16,63,0.58,2.32,18,70,-8,55.83,2.90,0.56,0.73,33.36,89,4.12,8.99,2.32,1.74,0.58,0,1.16,2.90,0,38,0.87,50,0,19,63,18,23,58,19,17.60,12.45,0.97,113,-5.15,17.03,14.01,0,0,0,0,0,,0,0,,0,0,0,0,0,0,18,5,7.86,46,0.07,0.06,0.03,-0.05,,0.12,
Maricarmen Reyes,,Tigres UANL W,2026/2027,656,Contención,0.96,0.96,0.51,0.19,2.75,35,45,3,,0.67,0,0.01,0.55,0,0.01,0.41,0,0.01,0.14,0.96,0.52,3.29,0.44,0.27,0,0.27,0,0.69,0,1.10,1.78,0.82,1.07,1.51,1.90,14.96,6.59,0.01,5.08,47.38,14.00,9.47,1.51,2.33,85,1.98,3.05,2.33,60,0.27,60,1.24,0,11.26,14.47,3.29,3.02,1.51,49.50,5.90,52,1.92,64,0.69,0,0,44.06,75,2.33,24,57,1.65,3.98,13,59,-16,52.88,6.59,1.17,1.48,32.40,95,3.96,11.53,1.10,0.82,0.27,0,3.84,4.67,0.14,25,0.41,60,0.14,27,63,10,35,60,6,18.24,12.27,0.96,110,-5.97,17.44,13.45,0,0,0,0,0,,0,0,,0,0,0,0,0,0,18,4,7.18,33,0.06,0.06,0.02,0.22,,0.36,
Mia Salma León Ruiz,,Cruz Azul W,2026/2027,308,Contención,0,0,0.03,0.04,0.88,0,0,1,,0,0,0.00,0.29,0,0.00,0.29,0,0,0,0,0.04,1.17,-0.04,1.46,1.46,0,100,0.58,0,1.17,0.88,0.58,0.66,1.17,1.09,21.63,14.32,0.05,7.01,45.80,8.48,4.97,1.46,2.05,71,1.61,2.27,2.34,0,0.58,100,0.58,0,17.83,19.15,6.43,2.92,1.17,48.19,7.89,44,1.46,50,0.58,0,0,29.52,81,1.17,16,44,1.75,2.05,18,68,-12,48.96,3.21,0.13,0.13,24.26,93,4.05,4.97,0.58,0.58,0,0,0.58,1.17,0.29,0,0,0,0,17,72,12,41,53,6,19.25,17.09,0.95,101,-2.16,18.19,17.33,0,0,0,0,0,,0,0,,0,0,0,0,0,0,20,6,1.43,11,-0.01,0.05,0.02,-0.06,,0.00,
Michelle González,,Pachuca W,2026/2027,151,Contención,0,0,0.12,0.10,1.19,0,50,2,,0.12,0,0.07,1.19,0,0.07,1.19,0,0,0,0,0.19,2.38,-0.19,2.38,1.78,0.59,75,0.59,0,1.78,0.59,0.59,0.89,0,0,14.27,3.57,0,5.35,61.94,7.73,6.54,0,0.59,0,0,0.89,1.19,0,0.59,0,0,0,13.08,17.26,4.76,4.16,1.19,62.34,11.30,86,3.57,86,0,0,0,38.65,79,2.38,27,80,0,2.97,17,67,-12,56.25,7.13,0.35,0.35,38.05,94,5.12,13.08,0,0,0,0.59,2.97,2.97,0,,0,0,0.59,21,67,11,14,73,14,16.79,16.81,0.99,103,0.02,16.67,17.31,0,0,0,0,0,,0,0,,0,0,0,0,0,0,24,11,4.28,27,-0.04,0.15,0.01,-0.05,,0.06,
Miriam Castillo,,Juárez W,2026/2027,301,Contención,0,0,0.04,0.07,0.60,0,0,0,,0,0,0.01,0.30,0,0.01,0.30,0,0,0,0,0.05,0.90,-0.05,1.20,0.60,0.60,50,2.39,0,0.90,1.80,1.20,1.41,2.39,2.94,15.26,4.49,0.07,4.49,39.22,16.75,7.48,1.80,2.99,67,2.30,3.71,2.09,40,0.90,80,1.20,0,11.37,13.12,2.99,2.69,0.60,41.79,4.49,39,1.50,56,0.60,0,0,46.97,85,1.20,19,67,2.69,1.50,10,76,-8,46.16,3.89,0.26,0.27,38.59,95,2.69,8.08,0,0,0,0,1.20,1.20,0,,0,,0,20,73,7,22,74,4,16.70,15.19,1.02,114,-1.51,17.07,17.28,0,0,0,0,0,,0,0,,0,0,0,0,0,0,18,7,4.79,36,0.00,0.10,0.07,-0.01,,0.16,
Nancy Antonio,,América W,2026/2027,332,Contención,0.27,0.27,0.11,0.06,1.90,14,43,2,,0.22,0.81,0.36,2.99,0.81,0.27,1.36,0,0.09,1.63,1.09,0.47,4.89,0.61,0.27,0,0.27,0,0.81,0,1.36,1.63,1.09,1.64,0.54,0.83,14.66,7.60,0,7.33,54.40,11.67,8.69,1.36,2.44,71,1.53,3.17,0.81,50,0.54,50,0.54,0,12.48,17.67,5.43,3.80,1.36,55.55,9.77,78,3.26,86,0,0,0,55.91,79,5.16,10,50,0.54,10.31,11,92,13,57.88,8.69,0.70,0.82,48.31,95,4.12,19.00,3.53,1.36,2.17,0,1.09,2.44,0.27,15,0.81,27,0.27,17,71,12,26,67,7,20.87,15.82,0.91,100,-5.04,18.99,15.82,0,0,0,0,0,,0,0,,0,0,0,0,0,0,19,8,9.07,39,0.26,0.06,0.04,0.13,,0.48,
Naomi Herrera,,Tijuana W,2026/2027,139,Contención,0,0,0.09,0.07,1.29,0,100,1,,0.58,0,0,0,0,0,0,0,0,0,0,0.09,1.29,-0.09,4.53,2.59,1.94,57,1.29,0,4.53,1.94,0,0,1.29,1.31,31.05,11.64,0,9.70,56.99,13.59,5.82,3.88,3.88,100,4.02,4.02,1.94,,0,50,0.65,0,25.23,27.78,8.41,7.76,3.88,55.17,14.23,56,6.47,83,0,0,0,29.76,85,2.59,10,80,1.29,3.23,26,83,-2,54.07,5.18,0.78,0.78,36.23,82,6.02,9.06,0.65,0.65,0,0,1.94,2.59,0,0,0,,0,23,51,26,29,36,36,16.17,13.98,0.96,94,-2.20,15.56,13.10,0,0,0,0,0,,0,0,,0,0,0,0,0,0,17,6,1.55,6,-0.03,0.08,0.13,0.25,,0.43,
Natalia Lopez,,Puebla W,2026/2027,510,Contención,0,0,0.00,0.01,0.18,0,100,0,,0.00,0,0.04,0.35,0,0.04,0.35,0,0,0,0,0.04,0.53,-0.04,0.53,0.35,0.18,67,1.41,0,0.53,1.41,1.59,0.62,2.12,0.98,27.89,16.59,0.04,9.18,39.03,10.77,4.06,2.82,4.41,59,0.91,1.53,1.24,29,1.94,29,0.35,0,23.83,8.94,6.88,3.18,0.71,40.22,6.71,28,1.94,61,0.35,0,0,21.18,74,0.88,22,33,2.29,2.47,19,79,5,46.86,2.47,0.05,0.05,16.77,92,5.45,3.53,0.35,0.35,0,0,0,0.35,0,0,0,,0,30,65,6,40,55,5,18.70,14.07,0.94,102,-4.63,17.67,14.35,0,0,0,0,0,,0,0,,0,0,0,0,0,0,25,9,1.39,15,0.03,0.04,0.17,0.00,,0.24,
Noemi Granados,,Juárez W,2026/2027,866,Contención,0,0,0.04,0.04,0.94,0,33,1,,0.02,0,0.01,0.21,0,0.01,0.21,0,0,0,0,0.05,1.14,-0.05,0.94,0.73,0.21,78,0.21,0,1.04,1.46,1.87,2.23,1.77,2.11,15.39,8.52,0.02,5.41,39.59,13.62,5.93,2.60,4.47,83,2.98,5.21,2.08,55,0.52,73,0.83,0,10.71,13.13,3.95,3.12,1.14,44.28,4.26,40,1.46,47,0.21,0,0,54.27,71,5.51,19,51,2.91,9.67,13,62,-9,44.46,6.24,0.53,0.61,44.60,95,4.58,9.56,0.42,0.42,0,0,0.42,0.83,0,50,0.31,38,0.10,31,66,4,29,68,2,22.99,20.66,0.92,94,-2.32,21.05,19.52,0,0,0,0,0,,0,0,,0,0,0,0,0,0,28,8,4.78,32,0.10,0.06,0.08,-0.03,,0.20,
S.Hinostroza,,Atlético San Luis W,2026/2027,295,Contención,0,0,0.07,0.06,1.22,0,75,2,,0.20,0,0.13,0.30,0,0.13,0.30,0,0,0,0,0.21,1.52,-0.21,0.61,0.30,0.30,50,0.61,0,0.91,1.22,0,0,3.66,3.10,20.74,12.81,0.02,7.93,42.33,7.01,3.96,1.22,1.22,40,0.85,0.85,2.13,14,1.83,,0,0,17.38,15.49,5.18,4.57,2.44,46.86,8.23,47,1.52,33,0,0,0,28.36,74,2.44,7,67,3.66,3.66,19,72,-2,50.96,5.18,0.47,0.49,23.48,95,4.63,6.71,0.61,0.61,0,0,0.91,1.52,0,50,0.30,33,0,19,66,15,36,64,0,20.60,16.01,1.00,104,-4.59,20.55,16.68,0,0,0,0,0,,0,0,,0,0,0,0,0,0,27,4,2.23,14,-0.04,0.09,-0.02,0.01,,0.05,
Samantha Plascencia,,Necaxa W,2026/2027,136,Contención,0,0,0.01,0.02,0.66,0,0,3,,0,0,0,0,0,0,0,0,0,0,0,0.01,0.66,-0.01,0,0,0,,0.66,0,0.66,1.32,0,0,3.96,1.10,19.80,8.58,0,4.62,37.96,5.28,0.66,0,0,0,0,0,1.98,17,3.96,,0,0,17.82,5.58,2.64,1.98,0,40.33,6.60,37,1.98,100,1.98,0,0,10.56,50,0.66,25,33,4.62,1.32,6,0,-50,38.88,0.66,0.02,0.04,7.92,83,3.12,0.66,0,0,0,0,0,0,0,,0,,0,6,81,13,0,100,0,18.97,46.50,0.86,,27.53,16.41,,0,0,0,0,0,,0,0,,0,0,0,0,0,0,44,0,0.66,14,-0.07,-0.01,0.00,-0.02,,-0.10,
Silvana González,,Toluca W,2026/2027,135,Contención,0,0,0.01,0.01,1.34,0,50,1,,0.03,0,0.17,1.34,0,0.02,0.67,0,0.15,0.67,0,0.18,2.68,-0.18,2.68,2.01,0.67,75,0.67,0,1.34,3.35,0,0,0.67,0.76,12.71,6.02,0.06,9.37,51.03,7.36,4.68,0.67,0.67,50,1.27,1.27,1.34,0,0.67,100,0.67,0.67,10.71,18.06,7.36,2.68,2.01,52.88,7.36,69,2.01,75,0,0,0,49.52,80,6.02,83,60,1.34,9.37,23,74,-7,53.45,9.37,1.10,1.28,48.18,90,4.97,14.72,0.67,0,0.67,0,0,0,0,0,0,0,0,17,60,23,18,64,18,22.19,16.32,0.93,109,-5.87,20.61,17.76,0,0,0,0,0,,0,0,,0,0,0,0,0,0,17,7,8.97,45,0.12,0.03,-0.01,-0.04,,0.10,
Solange Lemos,,León W,2026/2027,607,Contención,0,0,0.05,0.03,1.78,0,17,2,,0.02,0.15,0.20,2.22,0,0.15,1.63,0.15,0.05,0.59,0.15,0.25,4.00,-0.10,1.93,1.33,0.59,69,2.96,0,2.96,3.11,0.44,0.24,0.59,0.60,20.15,8.30,0,6.67,53.45,8.30,4.45,2.07,2.52,78,1.61,1.85,1.48,20,0.59,68,1.93,0.15,16.89,14.33,5.19,4.89,1.63,54.78,9.93,59,2.67,55,0.15,0,0,28.90,67,2.52,77,50,0.89,4.74,18,63,-4,60.35,6.22,0.23,0.38,32.75,83,6.13,10.08,2.22,1.04,1.19,0,0.44,1.48,0.15,20,0.44,25,0,16,69,15,18,68,15,20.46,15.46,0.97,114,-5.01,19.93,17.56,0,0,0,0,0,,0,0,,0,0,0,0,0,0,20,4,7.66,43,0.11,0.05,0.03,-0.06,,0.12,
Sonia Vázquez Montiel,,Toluca W,2026/2027,150,Contención,0,0,0,,0,,,0,,0,0,0.01,0.60,0,0.01,0.60,0,0,0,0,0.01,0.60,-0.01,2.40,1.80,0.60,75,0.60,0,1.20,2.40,1.80,1.77,1.20,1.17,14.39,6.60,0,8.40,42.55,10.19,3.00,1.80,3.60,60,1.68,3.45,0.60,0,1.20,20,0.60,0,11.99,12.51,4.20,2.40,0.60,44.92,5.40,45,0.60,25,0,0,0,37.18,86,2.40,25,67,1.20,3.60,9,67,-20,44.88,4.20,0.10,0.10,34.78,93,4.73,4.80,0,0,0,0,0,0,0,,0,,0,21,73,6,0,100,0,22.26,20.46,1.00,122,-1.79,22.24,24.88,0,0,0,0,0,,0,0,,0,0,0,0,0,0,15,6,2.94,26,-0.02,0.06,0.11,,,0.16,
Valeria Elizabeth Alvarado ,,Guadalajara W,2026/2027,87,Contención,0,0,0.09,0.09,1.03,0,100,0,,0.08,0,0,0,0,0,0,0,0,0,0,0.09,1.03,-0.09,1.03,1.03,0,100,0,0,2.07,0,0,0,0,0,11.38,4.14,0,1.03,54.18,8.28,3.10,1.03,1.03,100,1.49,1.49,1.03,100,0,,0,0,9.31,11.66,1.03,4.14,0,54.18,6.21,67,3.10,75,1.03,0,0,39.32,74,1.03,18,50,0,2.07,16,67,-7,52.44,2.07,0.37,0.47,34.14,94,3.83,6.21,1.03,1.03,0,0,2.07,3.10,0,0,1.03,100,0,24,63,13,50,50,0,19.31,18.18,1.00,105,-1.13,19.38,19.16,0,0,0,0,0,,0,0,,0,0,0,0,0,0,24,5,5.79,34,-0.13,0.07,0.00,-0.13,,-0.18,
Valeria Razo Correa,,León W,2026/2027,819,Contención,0.11,0.11,0.10,0.06,1.65,7,40,1,,0.17,0.11,0.06,0.66,0.11,0.06,0.66,0,0,0,0.22,0.16,2.31,0.06,0.55,0.55,0,100,0.66,0,0.88,0.88,2.64,2.10,2.53,2.54,18.45,9.12,0.02,5.16,43.32,13.62,6.48,1.76,4.39,84,1.58,3.68,1.76,63,0.33,57,0.88,0,14.94,13.48,3.84,5.05,1.65,46.83,6.59,44,2.97,59,0.33,0,0,42.51,78,3.62,15,55,2.97,6.15,15,77,-1,51.14,6.26,0.33,0.44,34.82,96,4.76,9.12,0.33,0.33,0,0.11,1.43,1.76,0,33,0.22,50,0.11,25,66,9,28,70,2,21.27,17.45,0.96,103,-3.82,20.38,17.94,0,0,0,0,0,,0,0,,0,0,0,0,0,0,20,8,3.88,23,0.02,0.11,0.04,0.05,,0.21,
Valeria Valdez,,Cruz Azul W,2026/2027,666,Contención,0,0,0.03,0.03,0.81,0,0,1,,0,0,0.02,0.27,0,0.02,0.27,0,0,0,0,0.05,1.08,-0.05,0.68,0.54,0.14,80,0.54,0,0.54,0.81,1.22,1.15,0.81,0.85,13.78,6.49,0.04,4.46,41.01,10.40,5.00,2.30,3.51,85,2.86,4.02,0.14,50,0.41,50,0.54,0,11.35,12.40,3.78,2.84,1.22,43.57,4.59,40,1.76,62,0,0,0,39.86,80,2.03,20,60,1.76,2.43,24,78,-2,45.10,3.38,0.52,0.55,30.81,97,4.81,4.46,0,0,0,0,0.41,0.41,0,,0,0,0,21,67,11,33,67,0,19.21,18.44,0.97,96,-0.77,18.67,17.77,0,0,0,0,0,,0,0,,0,0,0,0,0,0,23,8,5.50,33,-0.02,0.06,0.08,-0.03,,0.09,
Victoria Lizbeth Acevedo Ponce,,Atlas W,2026/2027,549,Contención,0,0,0.00,0.01,0.16,0,0,0,,0,0,0.01,0.16,0,0.01,0.16,0,0,0,0,0.01,0.33,-0.01,0,0,0,,0.98,0,1.15,0.49,0.49,0.42,2.46,2.28,20.83,11.15,0.03,8.04,39.10,10.17,2.62,1.80,2.30,73,1.86,2.28,1.31,20,0.66,33,0.49,0.16,17.72,16.39,6.89,4.27,1.48,41.61,5.58,31,1.64,38,0.33,0,0,48.72,87,3.28,35,65,3.12,4.43,16,86,-1,40.33,2.95,0.20,0.20,41.01,97,4.43,3.77,0.16,0,0.16,0,0.33,0.33,0,0,0,0,0,15,74,12,35,65,0,20.95,20.88,0.97,100,-0.08,20.31,20.82,0,0,0,0,0,,0,0,,0,0,0,0,0,0,19,9,2.41,25,-0.06,0.04,0.11,-0.01,,0.09,
W.Pérez,,Necaxa W,2026/2027,426,Contención,0.21,0.21,0.04,0.03,1.48,14,43,2,,0.06,0,0.16,1.69,0,0.01,0.42,0,0.14,1.27,0.21,0.20,3.17,0.01,1.06,0.21,0.85,20,1.48,0,2.75,2.54,0.21,0.08,0.42,0.13,13.32,4.44,0,5.50,40.86,12.68,6.55,1.69,1.90,100,1.13,1.21,1.69,,0,57,0.85,0,9.93,6.11,4.02,2.11,1.27,41.40,2.96,30,0.63,30,0,0,0,27.27,72,3.80,27,60,0.42,6.34,21,75,3,50.10,3.38,0.09,0.11,26.21,83,5.03,4.23,1.69,0,1.69,0,0.85,0.85,0,0,0,0,0.21,20,67,13,30,60,10,22.35,12.98,0.95,115,-9.37,21.22,14.99,0,0,0,0,0,,0,0,,0,0,0,0,0,0,20,6,3.83,36,0.09,0.09,0.03,-0.02,,0.18,
Yamile Franco,,Toluca W,2026/2027,540,Contención,0,0,0.02,0.04,0.50,0,0,0,,0,0.17,0.04,1.33,0.17,0.04,1.33,0,0,0,0.17,0.06,1.83,0.11,0.83,0.50,0.33,60,1.00,0,1.17,1.00,0.50,0.52,0.33,0.38,11.66,5.33,0.01,4.83,45.33,16.49,7.99,0.50,1.00,27,0.75,1.27,0.67,0,1.33,60,0.50,0,10.49,11.14,4.00,1.83,0.83,48.36,6.16,59,1.33,73,0,0,0,53.13,79,4.33,12,68,0.50,6.16,16,77,-2,44.90,4.66,0.56,0.59,44.13,95,4.11,6.99,0.83,0.83,0,0,0.33,1.17,0.17,40,0.33,29,0,20,72,7,24,74,2,20.17,17.86,1.00,106,-2.31,20.27,18.93,0,0,0,0,0,,0,0,,0,0,0,0,0,0,19,7,4.46,32,0.12,0.13,0.02,-0.02,,0.25,
Yashira Barrientos,,León W,2026/2027,45,Contención,0,0,0,,0,,,0,,0,0,0,0,0,0,0,0,0,0,0,0,0,0,0,0,0,,1.99,0,0,0,0,0,0,0,5.96,0,0.25,1.99,62.20,7.95,3.97,0,0,,0,0,1.99,,0,0,0,0,3.97,4.53,1.99,1.99,1.99,46.94,1.99,50,1.99,100,0,0,0,35.76,79,1.99,23,100,0,1.99,32,83,4,57.37,1.99,0.85,0.85,31.79,100,4.77,7.95,0,0,0,0,5.96,5.96,0,,0,,1.99,5,79,16,0,75,25,16.18,16.77,0.97,111,0.59,15.71,18.68,0,0,0,0,0,,0,0,,0,0,0,0,0,0,26,5,1.99,9,-0.11,0.13,-0.02,,,-0.01,
Yessenia Novella,,Santos Laguna W,2026/2027,520,Contención,0,0,0.13,0.04,3.11,0,22,4,,0.04,0,0.23,1.56,0,0.18,0.86,0,0.05,0.69,0,0.35,4.67,-0.35,2.59,1.73,0.86,67,1.90,0,2.25,2.77,1.56,0.90,0.86,0.41,30.96,16.09,0.03,10.20,40.20,15.57,6.40,3.63,5.19,66,2.12,3.02,2.77,44,1.90,57,0.69,0,24.56,14.51,7.78,5.88,2.42,42.36,7.44,30,1.90,32,0.69,0,0,33.56,67,2.59,11,35,1.21,7.09,15,61,-7,48.53,5.88,0.25,0.49,37.01,87,6.15,5.53,1.21,0.35,0.86,0,1.56,1.90,0,0,0,0,0,27,64,9,44,53,3,23.78,17.79,0.87,97,-5.99,20.72,17.31,0,0,0,0,0,,0,0,,0,0,0,0,0,0,28,7,5.12,37,0.01,0.12,0.09,-0.12,,0.10,
Zoé Curiel,,Necaxa W,2026/2027,808,Contención,0,0,0.05,0.10,0.56,0,20,1,,0.02,0,0.01,0.56,0,0.01,0.33,0,0.01,0.22,0,0.07,1.11,-0.07,0.89,0.89,0,100,0.78,0,1.45,0.67,0.67,0.39,2.67,0.56,21.49,10.02,0.01,8.02,35.99,10.91,3.34,2.23,2.90,61,0.99,1.37,1.23,35,1.45,40,0.89,0,18.04,9.49,6.46,5.46,2.12,39.42,5.57,31,2.45,45,0,0,0,25.06,65,2.78,14,34,3.23,7.57,14,71,6,40.19,1.89,0.10,0.15,19.94,91,4.65,3.01,0.33,0.22,0.11,0,0.67,0.89,0,33,0.11,33,0,39,56,5,37,56,7,25.47,19.53,0.81,97,-5.94,20.74,18.91,0,0,0,0,0,,0,0,,0,0,0,0,0,0,37,6,1.75,20,-0.01,0.06,0.03,0.00,,0.07,
A.Muñiz,,Atlético San Luis W,2026/2027,191,Extremo,0,0,0.04,0.09,0.47,0,100,1,,0.29,0,0.30,2.83,0,0.30,2.83,0,0,0,0,0.34,3.31,-0.34,0.94,0.94,0,100,0,0,5.20,4.25,0,0,0.94,0.42,37.79,19.36,0.02,8.50,48.77,8.03,5.67,5.67,5.67,80,3.66,3.66,2.36,25,1.42,33,0.47,0,29.76,19.59,6.61,7.08,1.42,51.42,15.59,52,5.20,73,0.94,0,0,22.67,71,0.47,45,100,0.94,0.47,10,40,-31,57.88,3.31,0.48,0.69,29.28,71,7.73,7.56,1.89,1.89,0,0.94,1.89,3.78,0,75,1.89,50,0.94,31,61,8,19,75,6,17.74,6.07,0.97,97,-11.68,17.20,5.90,0,0,0,0,0,,0,0,,0,0,0,0,0,0,45,22,3.87,27,-0.28,0.12,0.02,-0.02,,-0.16,
A.Ortíz,,Querétaro W,2026/2027,70,Extremo,0,0,0.01,0.01,1.29,0,0,3,,0,0,0,0,0,0,0,0,0,0,0,0.01,1.29,-0.01,3.86,3.86,0,100,0,0,2.57,3.86,0,0,0,0,28.31,11.58,0,9.01,49.32,10.30,2.57,6.43,6.43,83,4.03,4.03,3.86,75,1.29,,0,1.29,18.02,13.09,5.15,2.57,2.57,49.56,11.58,64,2.57,100,0,0,0,24.45,68,0,46,0,1.29,1.29,23,40,-28,51.19,3.86,0.06,0.07,27.03,81,4.85,6.43,1.29,1.29,0,0,1.29,2.57,0,0,0,0,0,32,59,9,20,80,0,17.64,20.52,0.82,54,2.88,14.54,11.06,0,0,0,0,0,,0,0,,0,0,0,0,0,0,36,9,4.89,38,0.11,0.20,0.01,-0.05,,0.27,
Adaira Nakano,,Puebla W,2026/2027,327,Extremo,0,0,0.01,0.04,0.28,0,0,1,,0,0,0.06,0.55,0,0.06,0.55,0,0,0,0,0.07,0.83,-0.07,1.10,1.10,0,100,1.38,0,2.76,1.38,1.10,0.40,0.83,0.35,20.95,10.75,0.02,5.79,45.90,7.99,3.86,2.48,3.58,75,1.05,1.45,1.38,40,0.83,33,0.55,0,17.09,7.24,4.41,4.96,1.38,49.01,9.09,53,3.86,78,0,0,0,22.32,61,0.55,18,15,1.38,3.03,20,53,-9,48.12,1.10,0.26,0.33,21.22,82,4.98,3.03,0.83,0.55,0.28,0,1.93,2.48,0,33,0.28,50,0.28,25,57,18,9,73,18,20.61,19.69,0.84,88,-0.93,17.25,17.32,0,0,0,0,0,,0,0,,0,0,0,0,0,0,35,13,2.07,26,0.13,-0.02,0.08,-0.01,,0.19,
Ahtziri Mendez Munguia,,Santos Laguna W,2026/2027,172,Extremo,0.52,0.52,0.17,0.07,2.62,20,20,4,,0.39,0,0,0,0,0,0,0,0,0,0.52,0.17,2.62,0.35,2.62,2.10,0.52,80,1.05,0,1.57,3.67,1.05,0.65,1.05,0.67,21.50,7.34,0,8.39,42.78,2.62,1.57,3.67,4.72,78,1.83,2.48,0.52,0,1.05,40,1.05,0,17.30,9.51,6.29,3.67,1.57,43.46,6.29,36,3.15,86,0,0,0,15.21,59,0,13,0,1.05,0.52,21,50,-9,52.80,2.10,0.45,0.51,18.35,83,5.45,3.67,0,0,0,0,4.19,4.19,0,,0,,0.52,24,59,17,29,57,14,13.88,13.72,1.15,157,-0.16,15.95,21.56,0,0,0,0,0,,0,0,,0,0,0,0,0,0,55,17,2.62,18,-0.06,0.05,0.08,0.16,,0.23,
Alejandra Isabel Melendez Villarreal,,Necaxa W,2026/2027,165,Extremo,0,0,0.04,0.03,1.63,0,67,6,,0.18,0,0,0,0,0,0,0,0,0,0,0.04,1.63,-0.04,1.09,1.09,0,100,0,0,1.63,2.18,0.54,0.13,1.09,0.16,22.31,8.71,0,7.08,40.71,8.71,3.81,2.18,2.72,80,0.92,1.04,1.09,50,0.54,0,0,0,19.05,6.13,5.99,4.35,1.63,41.41,7.08,37,2.72,63,0,0,0,17.42,40,0.54,50,17,1.63,2.72,20,57,17,52.69,0.54,0.05,0.08,15.78,83,5.09,2.72,0,0,0,0,0.54,0.54,0,,0,,0,57,37,6,20,80,0,18.75,14.96,0.73,136,-3.79,13.70,20.34,0,0,0,0,0,,0,0,,0,0,0,0,0,0,51,6,1.36,10,0.01,0.03,0.06,0.01,,0.10,
Alejandra Lomelí,,Cruz Azul W,2026/2027,183,Extremo,0,0,0.16,0.08,1.96,0,25,2,,0.08,1.47,0.60,2.95,1.47,0.60,2.95,0,0,0,1.47,0.76,4.91,0.72,1.47,0.98,0.49,67,1.47,0,4.42,4.42,0,0,0,0,20.13,9.33,0,4.91,55.80,5.89,3.44,2.45,2.45,71,1.89,1.89,1.96,0,0.98,0,0,0,15.71,15.18,4.91,4.91,1.96,55.98,8.84,56,3.93,80,0.49,0,0,35.35,68,0,41,0,0.49,0.98,27,75,7,55.61,3.93,0.33,0.82,41.73,82,6.83,9.82,1.96,1.96,0,1.47,5.89,7.86,0,50,1.96,57,1.47,19,65,16,15,60,25,16.37,15.95,0.94,95,-0.42,15.43,15.08,0,0,0,0,0,,0,0,,0,0,0,0,0,0,31,14,6.28,32,0.35,0.07,0.01,-0.13,,0.31,
Alexa Daniela Herrera Barrientos,,Atlético San Luis W,2026/2027,72,Extremo,0,0,0.43,0.11,3.77,0,33,4,,0.04,0,0,0,0,0,0,0,0,0,0,0.43,3.77,-0.43,5.02,2.51,2.51,50,1.26,0,1.26,5.02,0,0,0,0,12.56,3.77,0,2.51,62.62,5.02,3.77,1.26,1.26,100,2.01,2.01,2.51,,0,25,1.26,0,8.79,7.61,2.51,5.02,0,62.66,5.02,57,3.77,75,0,0,0,28.88,58,1.26,29,25,1.26,3.77,13,0,-58,64.87,7.53,0.59,0.79,37.67,83,4.56,12.56,0,0,0,0,5.02,5.02,0,,0,0,0,17,46,38,10,40,50,20.23,30.45,0.84,,10.22,16.98,,0,0,0,0,0,,0,0,,0,0,0,0,0,0,25,0,3.52,24,-0.07,0.08,0.00,-0.06,,-0.05,
Aline Gomes,,Pachuca W,2026/2027,767,Extremo,0.23,0.23,0.16,0.10,1.64,14,50,2,,0.13,0.23,0.14,0.70,0.23,0.14,0.70,0,0,0,0.47,0.30,2.35,0.17,3.87,2.35,1.53,61,1.06,0,2.11,4.23,0.47,0.47,0.12,0.18,13.73,5.40,0,5.40,54.42,6.57,3.87,1.06,1.53,53,1.28,1.75,0.12,0,0.94,29,0.23,0,12.56,14.42,4.23,2.82,0.59,53.97,6.81,54,2.11,75,0.12,0,0,30.87,68,1.41,11,52,0.35,2.47,17,42,-25,56.27,4.11,0.60,0.69,36.62,86,7.53,8.69,0.59,0.59,0,0.35,3.29,3.87,0.12,40,0.35,14,0.35,14,70,16,16,58,26,16.92,12.15,0.98,127,-4.77,16.65,15.46,0,0,0,0,0,,0,0,,0,0,0,0,0,0,31,6,4.17,23,-0.08,0.14,0.02,0.01,,0.09,
Allison Veloz,,Pachuca W,2026/2027,250,Extremo,0.36,0.36,0.09,0.06,1.44,25,75,2,,0.17,0,0.19,1.80,0,0.19,1.80,0,0,0,0.36,0.28,3.23,0.08,1.80,0.36,1.44,20,1.08,0,3.59,3.95,0,0,0.36,0.40,22.28,11.14,0,8.62,47.05,10.78,5.03,1.44,1.44,44,2.01,2.01,2.16,17,1.80,50,0.36,0,18.68,20.46,7.90,5.75,2.16,47.62,8.26,44,3.95,69,0.72,0,0,40.60,64,2.16,17,55,0.72,3.59,25,66,2,58.81,6.83,0.18,0.36,39.88,82,7.50,12.22,1.44,1.08,0.36,0.36,2.87,3.95,0,25,1.08,38,1.44,19,64,17,18,56,26,18.36,14.68,0.93,105,-3.68,17.09,15.43,0,0,0,0,0,,0,0,,0,0,0,0,0,0,36,8,3.63,21,0.03,0.13,-0.02,0.01,,0.15,
Amina Bello,,Atlético San Luis W,2026/2027,717,Extremo,0.25,0.25,0.17,0.10,1.76,14,29,3,,0.13,0.38,0.21,2.14,0.38,0.21,2.14,0,0,0,0.63,0.38,3.89,0.25,2.51,1.51,1.00,60,0.75,0,2.39,3.27,1.51,1.02,0.50,0.36,25.24,13.19,0,9.17,46.70,7.54,4.02,4.77,6.28,83,3.74,4.75,1.51,56,1.00,64,0.88,0,19.09,14.54,7.41,3.77,1.76,47.05,8.16,43,2.76,73,0.13,0,0,31.15,63,1.88,18,50,0.75,3.52,21,60,-3,53.28,3.64,0.59,0.81,32.03,86,6.53,7.16,1.63,1.63,0,0.13,2.64,4.27,0.25,38,0.63,38,0.25,22,58,20,26,58,16,19.63,14.49,1.00,113,-5.14,19.58,16.36,0,0,0,0,0,,0,0,,0,0,0,0,0,0,32,8,7.12,34,0.08,0.13,0.04,-0.08,,0.17,
Analu,,Cruz Azul W,2026/2027,720,Extremo,0.25,0.12,0.12,0.10,1.12,11,56,2,100,0.12,0,0.18,1.62,0,0.18,1.62,0,0,0,0.12,0.29,2.75,-0.17,2.50,1.62,0.87,65,1.00,0,1.12,3.75,0.12,0.06,0.37,0.38,13.99,7.75,0,5.00,54.47,7.87,4.62,1.50,1.62,60,1.44,1.50,0.50,13,1.00,33,0.12,0,12.12,12.70,3.50,3.12,1.00,56.92,8.12,67,2.37,76,0.12,0,0,32.24,72,1.12,16,60,0.75,1.50,19,87,14,60.68,5.50,0.59,0.66,33.24,87,7.41,11.25,1.12,1.12,0,0.37,3.12,4.25,0,22,0.50,20,0.50,14,69,17,17,68,16,17.73,17.13,0.98,101,-0.60,17.32,17.32,0,0,0,0,0,,0,0,,0,0,0,0,0,0,30,11,6.43,42,0.08,0.13,0.01,-0.01,,0.21,
Ariana Navarro,,Necaxa W,2026/2027,416,Extremo,0,0,0.06,0.06,0.86,0,25,1,,0.02,0,0.00,0.22,0,0.00,0.22,0,0,0,0,0.06,1.08,-0.06,2.38,1.30,1.08,55,1.51,0,2.59,3.89,0.43,0.08,1.30,0.24,17.94,7.13,0.01,3.89,42.24,6.05,2.59,1.73,2.16,50,0.63,0.71,2.16,38,1.73,38,1.08,0,14.05,5.03,2.59,5.40,1.30,45.38,5.84,42,3.03,56,0.22,0,0,14.27,54,0.43,24,33,1.30,1.30,22,47,-8,53.69,1.51,0.15,0.19,16.43,68,4.22,3.24,0,0,0,0,1.08,1.08,0,,0,0,0,25,62,13,33,60,7,15.92,11.73,0.97,108,-4.20,15.49,12.61,0,0,0,0,0,,0,0,,0,0,0,0,0,0,49,7,1.82,25,-0.03,0.02,-0.04,-0.07,,-0.11,
Ariatna Dorantes,,Santos Laguna W,2026/2027,700,Extremo,0,0,0.03,0.02,1.29,0,30,2,,0.02,0.13,0.13,1.29,0.13,0.13,1.29,0,0,0,0.13,0.16,2.57,-0.03,3.60,2.18,1.41,61,0.77,0,2.57,5.01,0.39,0.25,0.51,0.31,23.90,11.57,0.02,7.97,49.78,10.41,4.63,3.21,3.60,81,2.05,2.30,0.77,40,0.77,33,0.51,0,19.92,11.27,6.30,5.65,2.18,50.91,9.38,47,2.57,45,0,0,0,33.29,66,1.41,11,35,0.64,3.86,18,58,-7,55.81,3.47,0.21,0.30,38.43,83,4.74,9.00,0.90,0.90,0,0.13,1.41,2.31,0,29,0.51,57,0.26,23,61,17,16,66,19,17.00,12.96,0.90,104,-4.03,15.23,13.48,0,0,0,0,0,,0,0,,0,0,0,0,0,0,30,9,3.61,30,0.04,0.09,-0.02,-0.05,,0.05,
Avril Alejandra Navarro Flores,,Necaxa W,2026/2027,477,Extremo,0,0,0.00,0.01,0.19,0,0,1,,0,0,0.01,0.38,0,0.01,0.38,0,0,0,0,0.01,0.57,-0.01,0.38,0.38,0,100,0.94,0,2.64,2.27,0.76,0.10,1.32,0.24,21.71,8.69,0.04,4.15,35.88,6.04,2.64,3.02,3.78,73,1.73,1.83,0.94,40,1.13,17,0.19,0,17.75,6.63,3.02,3.59,0.38,38.80,6.80,38,2.08,58,0,0,0,15.86,54,0.19,23,14,1.32,1.32,18,44,-10,50.21,1.70,0.03,0.03,15.48,73,5.60,2.64,0.38,0.38,0,0,0,0.38,0,0,0,0,0,40,54,6,29,64,7,16.12,10.56,0.90,108,-5.57,14.46,11.44,0,0,0,0,0,,0,0,,0,0,0,0,0,0,43,7,1.42,15,0.00,0.03,0.02,-0.01,,0.03,
Brenda Damaris Ceren Delgado,,Cruz Azul W,2026/2027,659,Extremo,0,0,0.17,0.13,1.37,0,20,2,,0.07,0,0.18,1.09,0,0.18,1.09,0,0,0,0,0.36,2.46,-0.36,1.50,0.96,0.55,64,1.78,0,2.73,3.41,0.41,0.44,0.55,0.46,15.30,7.24,0,5.33,50.59,6.69,2.73,1.23,1.64,56,1.23,1.68,0.27,40,0.96,50,0.55,0,13.80,13.39,4.64,2.87,0.68,53.17,8.33,60,2.05,71,0,0,0,30.19,73,1.78,21,68,1.09,2.05,25,74,1,53.11,2.87,0.22,0.47,32.37,84,7.04,7.38,0.68,0.68,0,0.41,2.32,3.01,0.14,20,0.14,6,0.14,11,73,16,19,67,15,17.23,17.04,0.98,107,-0.19,16.88,18.21,0,0,0,0,0,,0,0,,0,0,0,0,0,0,30,10,3.77,26,0.02,0.11,0.01,-0.13,,0.01,
Brina Micheels,,Puebla W,2026/2027,580,Extremo,0.47,0.47,0.13,0.08,1.55,30,40,3,,0.21,0.16,0.14,0.78,0.16,0.14,0.78,0,0,0,0.62,0.26,2.33,0.36,2.02,1.09,0.93,54,2.48,0,2.79,3.10,0.47,0.20,1.24,0.32,14.27,7.91,0,4.34,47.71,6.36,3.41,1.40,1.86,75,0.26,0.47,0.78,40,0.47,50,0.78,0.16,12.10,4.45,3.41,2.79,0.78,49.74,5.74,47,2.02,72,0,0,0,18.46,56,1.40,33,39,1.86,2.95,21,52,-4,53.04,2.33,0.31,0.49,24.98,78,7.57,3.88,0.31,0.31,0,0.16,1.86,2.17,0.16,50,0.16,9,0.31,26,61,13,8,68,24,20.83,20.54,0.83,76,-0.28,17.34,15.68,0,0,0,0,0,,0,0,,0,0,0,0,0,0,40,6,2.30,20,0.08,0.07,-0.01,0.09,,0.24,
Chandler McDaniel,,Atlante W,2026/2027,217,Extremo,0,0,0.43,0.17,2.49,0,17,4,,0.15,0,0.03,0.41,0,0.03,0.41,0,0,0,0,0.46,2.90,-0.46,0.83,0.41,0.41,50,1.24,0,2.90,2.07,0,0,0,0,9.95,3.32,0,3.73,69.40,8.71,4.98,0.83,0.83,67,1.03,1.03,1.66,50,0.41,17,0.41,0,7.47,4.44,2.49,2.90,1.24,67.83,5.81,78,2.07,71,0,0,0,18.66,51,0.83,26,40,0.41,1.66,28,31,-20,50.63,0.41,0.47,0.51,18.25,82,4.39,2.07,0,0,0,0,4.15,4.15,0,,0,0,0.41,17,66,17,0,60,40,19.34,17.19,0.88,63,-2.15,17.10,10.88,0,0,0,0,0,,0,0,,0,0,0,0,0,0,32,9,2.24,20,-0.06,0.02,0.05,-0.21,,-0.20,
Claudia Fabiola Ibarra Muro,,Tijuana W,2026/2027,344,Extremo,0,0,0.10,0.09,1.05,0,0,2,,0,0,0.02,0.26,0,0,0,0,0.02,0.26,0,0.11,1.31,-0.11,1.31,0.52,0.78,40,0,0,2.87,3.66,0.26,0.20,1.05,0.87,21.42,11.50,0,5.75,51.80,6.27,3.92,1.83,2.09,78,1.23,1.43,2.09,50,0.52,50,1.31,0,17.50,12.77,4.70,3.92,0.78,53.06,10.71,61,2.87,73,0.26,0,0,25.34,73,0.78,94,25,1.57,2.61,15,76,4,56.58,2.87,0.21,0.22,27.43,81,3.51,6.79,0.78,0.52,0.26,0,2.09,2.61,0,0,0,0,0.26,20,68,11,23,62,15,16.91,15.67,0.83,79,-1.24,14.07,12.34,0,0,0,0,0,,0,0,,0,0,0,0,0,0,32,11,2.66,22,-0.02,-0.07,-0.02,-0.01,,-0.12,
Conni Isabel Herrera Ortiz,,Atlante W,2026/2027,653,Extremo,0.14,0.14,0.16,0.13,1.24,11,44,2,,0.08,0,0.03,0.55,0,0.03,0.55,0,0,0,0.14,0.19,1.79,-0.05,1.93,0.69,1.24,36,2.76,0,2.76,4.00,1.52,1.04,0.83,0.57,16.26,7.72,0,4.96,42.59,8.82,4.41,1.79,3.31,68,1.48,2.53,0.69,44,0.83,39,1.65,0,13.78,9.24,3.58,3.03,0.83,44.77,5.79,42,1.65,55,0.14,0,0,25.49,62,0.69,25,45,0.96,1.38,22,55,-7,51.91,1.79,0.18,0.25,25.77,78,4.55,4.00,0.28,0.28,0,0.28,2.07,2.34,0.14,50,0.28,25,0.14,21,61,18,24,69,7,14.97,14.46,0.95,88,-0.50,14.18,12.77,0,0,0,0,0,,0,0,,0,0,0,0,0,0,34,7,1.87,20,0.04,0.07,0.04,-0.02,,0.12,
Cristina Torres,,Pumas UNAM W,2026/2027,690,Extremo,0.26,0.26,0.13,0.07,1.83,14,21,3,,0.21,0.39,0.35,1.96,0.39,0.34,1.83,0,0.01,0.13,0.65,0.48,3.78,0.17,2.87,1.70,1.17,59,1.70,0,2.87,3.00,0.26,0.30,0.65,0.57,10.31,3.65,0,4.31,49.28,7.31,5.22,1.70,1.96,93,2.08,2.38,0.39,67,0.13,70,0.91,0,8.22,9.72,3.39,2.22,1.17,54.46,4.44,54,1.70,76,0,0,0,33.93,65,0.52,73,24,0.78,2.09,22,60,-5,58.96,3.13,0.83,1.14,37.84,86,6.77,9.27,2.35,2.22,0.13,0.13,2.22,4.44,0.13,61,1.57,24,0.13,13,69,18,18,61,21,18.51,15.38,0.94,105,-3.13,17.42,16.09,0,0,0,0,0,,0,0,,0,0,0,0,0,0,31,9,7.26,37,0.33,0.13,0.00,0.00,,0.47,
Cynthia Ramirez,,Atlas W,2026/2027,223,Extremo,0.40,0.40,0.39,0.10,4.04,10,50,7,,0.80,0,0.33,1.21,0,0.33,1.21,0,0,0,0.40,0.71,5.26,-0.31,2.83,2.02,0.81,71,0,0,0.81,3.64,0.81,0.92,1.21,1.27,16.57,6.47,0,4.45,49.14,9.70,5.66,2.43,3.23,86,2.50,3.42,1.62,0,0.40,100,0.81,0,12.53,12.73,3.64,3.23,0.81,50.97,6.06,48,1.21,38,0,0,0,20.21,69,1.21,25,50,2.43,1.21,37,63,-5,54.46,4.04,0.95,1.05,23.45,90,8.11,5.26,0.81,0.81,0,0.81,5.66,6.47,0.40,0,0.40,20,1.21,22,71,8,15,85,0,19.11,19.63,0.91,83,0.52,17.47,16.33,0,0,0,0,0,,0,0,,0,0,0,0,0,0,55,31,3.96,32,0.18,0.24,0.01,0.53,,0.96,
Daniela Carrandi,,Tijuana W,2026/2027,396,Extremo,0.23,0.23,0.07,0.10,0.68,33,33,2,,0.19,0,0.06,0.45,0,0.03,0.23,0,0.02,0.23,0.23,0.12,1.14,0.11,0.68,0.23,0.45,33,1.14,0,2.50,2.95,0.91,0.63,0.45,0.21,16.81,7.27,0,3.41,52.53,4.31,0.91,1.59,2.50,88,1.41,2.04,0.23,50,0.23,0,0,0,14.99,10.56,3.41,3.63,0.45,54.66,7.95,53,3.18,88,0.23,0,0,19.53,66,0.91,28,24,0.68,3.63,14,57,-9,59.51,2.27,0.35,0.45,20.89,82,4.16,6.36,0.91,0.68,0.23,0,0.68,1.36,0,50,0.45,29,0.23,28,54,19,29,43,29,20.33,13.42,0.80,103,-6.92,16.20,13.86,0,0,0,0,0,,0,0,,0,0,0,0,0,0,33,9,3.84,37,0.07,0.03,0.02,0.13,,0.25,
Denise Castro,,Guadalajara W,2026/2027,377,Extremo,0.72,0.72,0.40,0.08,5.26,14,45,6,,0.65,0,0.13,1.43,0,0.13,1.43,0,0,0,0.72,0.53,6.69,0.19,2.15,1.67,0.48,78,0.24,0,4.30,3.58,0.24,0.21,0.24,0.15,21.75,10.04,0,6.93,61.39,7.65,4.54,1.91,2.15,100,2.23,2.45,0.96,,0,60,0.72,0,19.12,20.29,6.93,4.30,1.43,62.42,12.43,65,2.63,61,0,0,0,32.50,72,2.39,18,59,0.72,3.58,16,68,-4,56.61,4.06,0.36,0.71,37.76,85,5.70,9.32,0.96,0.96,0,0.48,8.12,9.08,0,25,0.72,20,0.96,14,72,14,8,79,13,19.11,16.76,0.92,91,-2.35,17.63,15.26,0,0,0,0,0,,0,0,,0,0,0,0,0,0,31,9,4.71,20,-0.05,0.20,0.03,-0.08,,0.11,
Dilary Beltrán,,Querétaro W,2026/2027,706,Extremo,0.13,0.13,0.15,0.06,2.55,5,35,4,,0.21,0.13,0.18,1.91,0.13,0.18,1.78,0,0.01,0.13,0.25,0.33,4.46,-0.08,3.57,1.66,1.91,46,1.40,0,2.29,4.20,0.64,0.55,0.51,0.41,9.81,3.70,0,3.19,55.47,6.12,3.57,1.02,1.66,67,0.96,1.51,1.02,33,0.51,0,0,0,7.77,6.13,2.42,1.78,0.25,58.02,4.97,64,1.40,79,0.13,0,0,26.25,66,1.15,12,35,1.15,2.68,24,54,-12,56.24,2.55,0.51,0.66,33.13,83,7.36,6.50,1.02,0.51,0.51,0.13,3.57,4.08,0,38,0.38,15,0.25,16,67,17,25,59,16,19.62,19.23,0.92,99,-0.39,18.10,19.06,0,0,0,0,0,,0,0,,0,0,0,0,0,0,23,5,5.22,36,0.12,0.10,0.01,-0.05,,0.19,
Esbeydi Viridiana Salazar Suaste,,Guadalajara W,2026/2027,62,Extremo,0,0,0.32,0.07,4.38,0,0,4,,0,0,0.04,1.46,0,0.04,1.46,0,0,0,0,0.37,5.84,-0.37,2.92,1.46,1.46,50,1.46,0,1.46,1.46,0,0,0,0,2.92,2.92,0,0,53.25,11.67,7.30,0,0,0,0,0,0,0,1.46,100,1.46,0,2.92,3.95,0,1.46,0,44.23,1.46,50,1.46,100,0,0,0,40.85,74,2.92,29,40,0,7.30,9,100,26,52.56,7.30,1.06,1.14,43.77,93,6.22,16.05,0,0,0,0,4.38,4.38,0,,0,,0,18,71,12,27,55,18,22.15,20.83,0.90,100,-1.31,19.91,20.83,0,0,0,0,0,,0,0,,0,0,0,0,0,0,18,3,7.44,37,-0.01,0.15,0.01,-0.33,,-0.18,
Eva Jakobsson,,Toluca W,2026/2027,351,Extremo,0.51,0.51,0.29,0.14,2.05,25,38,4,,0.27,0.26,0.18,1.28,0.26,0.18,1.28,0,0,0,0.77,0.47,3.33,0.30,2.56,0.77,1.79,30,0.77,0,2.56,3.84,0.77,0.91,0,0,12.56,5.64,0,3.08,60.21,7.69,5.13,1.28,2.05,71,1.92,2.83,1.79,33,0.51,33,0.26,0,9.48,13.24,2.31,2.82,1.03,58.24,5.89,62,1.54,55,0,0,0,27.93,59,0,35,0,0.26,0.77,23,50,-9,61.03,2.05,0.45,0.86,32.03,82,5.89,8.20,2.05,1.54,0.51,0.51,4.36,5.89,0,63,1.54,33,0.51,19,62,18,25,44,31,16.17,15.67,1.02,110,-0.50,16.49,17.18,0,0,0,0,0,,0,0,,0,0,0,0,0,0,34,10,6.92,36,0.23,0.15,0.06,0.09,,0.53,
Farlyn Caicedo,,Juárez W,2026/2027,436,Extremo,0,0,0.21,0.13,1.65,0,50,2,,0.29,0.21,0.13,1.24,0.21,0.13,1.24,0,0,0,0.21,0.34,2.89,-0.14,1.86,1.24,0.62,67,1.24,0,2.48,3.93,0.41,0.32,0.83,1.13,17.15,6.61,0.03,4.34,52.26,9.30,5.58,2.69,3.10,72,3.02,3.34,1.45,56,1.03,67,0.83,0,13.02,15.77,3.72,4.34,1.65,55.43,8.06,62,2.69,62,0.21,0,0,35.13,69,1.24,18,55,1.24,1.86,15,48,-21,56.70,4.13,0.55,0.69,34.93,85,6.40,10.54,1.45,1.24,0.21,0.41,3.51,4.75,0,43,0.83,29,1.03,18,69,13,16,69,16,17.58,17.05,0.99,97,-0.53,17.34,16.55,0,0,0,0,0,,0,0,,0,0,0,0,0,0,31,8,5.00,27,0.06,0.09,-0.18,0.02,,0.00,
Faustine Robert,,Toluca W,2026/2027,703,Extremo,0.26,0,0.18,0.07,2.43,0,26,4,100,0.12,0.26,0.14,1.54,0.13,0.07,0.90,0.13,0.06,0.64,0.26,0.31,3.97,-0.06,1.67,0.90,0.77,54,1.41,0.13,2.56,2.43,0.90,0.90,0.51,0.50,9.61,4.87,0,3.59,52.36,7.05,3.84,1.67,2.56,81,1.83,2.73,0.90,40,0.38,75,0.38,0,7.05,7.18,2.82,2.18,0.64,57.84,4.36,62,1.54,71,0.64,0,0,31.64,58,2.31,26,45,0.77,4.87,12,64,5,59.39,3.46,0.44,0.54,33.82,88,6.49,8.33,1.92,1.28,0.64,0,2.56,3.84,0,47,1.28,24,0.13,20,68,12,29,58,12,21.25,17.45,0.93,82,-3.80,19.69,14.32,0,0,0,0,0,,0,0,,0,0,0,0,0,0,31,10,5.29,38,0.05,0.15,0.02,-0.17,,0.06,
Giana Riley,,América W,2026/2027,51,Extremo,0,0,0.04,0.02,1.76,0,0,3,,0,0,0.43,5.27,0,0.43,5.27,0,0,0,0,0.47,7.03,-0.47,1.76,1.76,0,100,0,0,5.27,5.27,0,0,0,0,14.05,7.03,0,5.27,71.51,3.51,1.76,3.51,3.51,67,6.08,6.08,0,50,1.76,,0,0,10.54,18.23,5.27,1.76,1.76,77.48,10.54,100,1.76,100,0,0,0,28.11,63,0,30,,0,0,0,,,67.07,1.76,0.04,0.47,40.40,74,5.47,12.30,1.76,1.76,0,0,5.27,7.03,0,0,0,,1.76,31,56,13,0,86,14,11.73,,0.99,,,11.63,,0,0,0,0,0,,0,0,,0,0,0,0,0,0,13,0,6.68,34,-0.02,-0.01,0.01,-0.08,,-0.11,
Grace Chanda,,Querétaro W,2026/2027,453,Extremo,0,0,0.42,0.16,2.58,0,54,4,,0.33,0,0.21,2.19,0,0.21,2.19,0,0,0,0,0.62,4.77,-0.62,5.36,3.77,1.59,70,1.19,0,3.58,4.97,0.20,0.23,0.20,0.12,14.30,5.96,0.01,1.79,57.95,8.15,4.17,0.79,0.99,57,0.70,0.92,1.79,25,0.60,17,0.20,0,11.72,8.74,1.59,3.18,0.79,58.76,7.75,66,2.19,69,0,0,0,28.21,77,1.19,35,67,0.60,1.39,21,74,-3,56.98,3.77,0.61,0.96,39.14,82,6.22,8.74,1.19,1.19,0,0,2.78,3.97,0.40,50,0.79,80,0.20,16,62,23,14,66,20,17.57,15.85,1.00,97,-1.73,17.60,15.36,0,0,0,0,0,,0,0,,0,0,0,0,0,0,23,10,5.40,34,0.07,0.05,0.12,0.07,,0.32,
I.Muñoz Ramírez,,Toluca W,2026/2027,32,Extremo,0,0,0.03,0.01,2.80,0,0,5,,0,0,0.23,5.60,0,0.23,5.60,0,0,0,0,0.25,8.41,-0.25,0,0,0,,8.41,0,0,5.60,0,0,0,0,8.41,0,0,0,68.05,8.41,2.80,0,0,,0,0,0,,0,,0,0,8.41,9.92,0,5.60,0,58.32,5.60,67,5.60,100,0,0,0,25.22,70,0,29,,0,0,10,0,-70,71.09,8.41,0.03,0.25,42.03,87,4.05,14.01,5.60,5.60,0,0,5.60,11.21,0,50,2.80,100,0,10,80,10,20,60,20,16.11,21.59,1.13,,5.48,18.23,,0,0,0,0,0,,0,0,,0,0,0,0,0,0,40,10,6.73,55,0.20,0.01,-0.02,-0.06,,0.14,
Itzell Alemán Ramirez,,León W,2026/2027,428,Extremo,0.42,0.21,0.34,0.23,1.47,14,43,3,100,0.40,0.21,0.11,1.05,0.21,0.11,1.05,0,0,0,0.42,0.45,2.53,-0.03,0.84,0.84,0,100,0.63,0,1.68,2.11,1.68,1.76,0,0,14.31,6.74,0,5.05,51.95,5.89,3.79,2.11,3.79,71,2.01,3.77,0.84,0,0.84,50,0.84,0,11.37,11.46,3.58,3.16,1.68,52.88,6.74,59,1.68,53,0,0,0,25.68,74,0.21,18,14,0,1.47,15,50,-24,58.64,1.47,0.41,0.57,26.10,88,5.03,6.53,0.21,0.21,0,0.21,2.95,3.16,0,100,0.42,33,0.42,9,72,19,0,77,23,16.45,11.31,0.95,104,-5.13,15.64,11.72,0,0,0,0,0,,0,0,,0,0,0,0,0,0,23,3,3.83,21,-0.01,0.04,0.03,0.25,,0.32,
Ivonne González,,Santos Laguna W,2026/2027,837,Extremo,0.11,0.11,0.10,0.07,1.51,7,36,3,,0.18,0,0.06,0.65,0,0.06,0.65,0,0,0,0.11,0.16,2.15,-0.05,1.61,0.54,1.08,33,1.72,0,2.58,4.30,0.86,0.47,0.86,0.57,19.15,7.53,0.01,6.24,49.53,8.17,3.55,2.47,3.33,64,1.61,2.08,0.65,28,1.40,40,0.43,0,16.03,8.95,5.16,4.19,1.61,52.47,8.50,53,2.90,69,0.22,0,0,23.77,66,0.54,10,36,1.40,0.97,18,55,-11,53.47,2.26,0.27,0.35,27.00,79,5.35,5.70,0.32,0.32,0,0.22,2.47,2.80,0,33,0.22,33,0.11,28,55,17,23,53,25,15.06,13.21,0.94,101,-1.85,14.09,13.31,0,0,0,0,0,,0,0,,0,0,0,0,0,0,31,6,2.54,20,0.01,0.04,0.03,0.01,,0.09,
Jasmine Casárez,,Guadalajara W,2026/2027,680,Extremo,0.53,0.53,0.41,0.16,2.52,21,42,4,,0.39,0,0.03,0.93,0,0.03,0.93,0,0,0,0.53,0.44,3.44,0.09,1.99,1.46,0.53,73,1.59,0,2.25,4.24,0.93,1.05,0.66,0.65,15.36,6.89,0,4.90,56.77,6.09,3.71,1.19,2.12,69,1.10,2.15,1.19,33,0.53,55,0.79,0,13.11,13.69,3.97,2.78,0.93,58.17,8.08,62,1.99,71,0.13,0,0,25.69,68,1.32,13,59,0.79,2.12,13,70,2,58.40,3.18,0.48,0.70,30.85,84,4.77,7.94,0.66,0.66,0,0.40,4.77,5.43,0.13,80,0.93,33,0.53,17,73,10,20,70,10,16.73,14.52,1.00,108,-2.21,16.69,15.62,0,0,0,0,0,,0,0,,0,0,0,0,0,0,35,8,4.74,25,-0.06,0.11,0.01,0.12,,0.19,
Jermaine Seoposenwe,,Monterrey W,2026/2027,745,Extremo,0.72,0.72,0.37,0.15,2.42,30,75,4,,0.59,0.24,0.18,1.57,0.24,0.18,1.57,0,0,0,0.97,0.55,3.99,0.41,2.29,1.21,1.09,53,1.93,0,2.78,3.02,0.36,0.55,0.60,0.82,11.23,2.54,0,3.50,60.43,6.52,3.99,1.09,1.45,75,1.66,2.21,1.21,50,0.36,56,0.60,0,8.94,13.05,2.90,2.66,0.97,64.40,6.52,73,2.29,86,0.12,0,0,25.48,79,0.24,13,50,0.72,0.36,18,75,-4,62.26,2.54,0.40,0.75,29.95,83,5.53,9.66,1.21,1.09,0.12,0.48,5.56,6.64,0,40,0.72,43,0.85,14,66,21,18,60,23,14.34,12.44,0.98,104,-1.89,14.09,12.98,0,0,0,0,0,,0,0,,0,0,0,0,0,0,28,11,4.41,20,0.01,0.07,0.00,0.04,,0.12,
Joseline Montoya Rodríguez,,Guadalajara W,2026/2027,415,Extremo,0.87,0.87,0.26,0.09,2.82,31,69,5,,0.42,0.22,0.20,1.74,0.22,0.14,1.52,0,0.06,0.22,1.08,0.46,4.56,0.62,2.82,1.30,1.52,46,1.30,0,2.39,3.04,0.43,0.51,0.65,0.92,14.32,5.64,0.02,4.56,47.17,7.38,4.56,2.17,2.60,67,2.33,2.84,0.65,17,1.08,40,0.43,0,11.50,12.96,3.69,2.17,0.65,47.97,5.86,51,1.30,60,0,0,0,24.30,65,1.95,18,45,0.65,4.34,10,57,-8,58.06,3.91,0.38,0.57,28.43,84,7.66,8.46,2.17,1.74,0.43,0,3.04,4.77,0.22,30,0.87,40,0.22,24,69,7,28,64,8,19.01,13.12,0.93,122,-5.89,17.74,16.05,0,0,0,0,0,,0,0,,0,0,0,0,0,0,41,14,6.10,30,0.25,0.08,0.02,0.07,,0.42,
Joselyn Solís Díaz,,Cruz Azul W,2026/2027,91,Extremo,0,0,0.06,0.02,2.98,0,33,8,,0.05,0,0,0,0,0,0,0,0,0,0,0.06,2.98,-0.06,1.99,0.99,0.99,50,4.97,0,2.98,5.96,0,0,0.99,1.41,19.87,7.95,0,2.98,55.65,6.96,5.96,0.99,0.99,50,1.51,1.51,5.96,0,0.99,,0,0,13.91,18.11,2.98,3.97,0,56.33,7.95,57,1.99,50,0,0,0,11.92,75,0,25,0,0.99,0.99,17,50,-25,49.09,0.99,0.15,0.21,24.84,76,4.68,0,0,0,0,0,0,0,0,,0,,0,0,67,33,,,,11.58,6.83,0.92,178,-4.75,10.66,12.17,0,0,0,0,0,,0,0,,0,0,0,0,0,0,33,8,0.99,8,-0.05,-0.02,0.00,-0.01,,-0.08,
Juana Chavarría,,Querétaro W,2026/2027,16,Extremo,0,0,0,,0,,,0,,0,0,0,0,0,0,0,0,0,0,0,0,0,0,0,0,0,,0,0,0,5.52,0,0,0,0,22.06,11.03,0,5.52,50.10,11.03,0,5.52,5.52,50,7.99,7.99,0,0,5.52,,0,0,16.55,23.96,5.52,5.52,0,55.38,11.03,67,0,0,0,0,0,49.64,70,0,71,0,0,11.03,0,,,50.68,0,0,0,49.64,89,4.03,11.03,0,0,0,0,0,0,0,,0,0,0,0,80,20,0,50,50,19.89,,0.79,,,15.72,,0,0,0,0,0,,0,0,,0,0,0,0,0,0,30,0,,,-0.25,0.05,0.08,,,-0.12,
Juliet Nalukenge,,Puebla W,2026/2027,509,Extremo,0.18,0.18,0.06,0.09,0.71,25,50,1,,0.03,0.18,0.05,0.53,0.18,0.05,0.53,0,0,0,0.35,0.12,1.24,0.24,1.06,0.71,0.35,67,1.77,0,2.48,2.65,1.06,0.41,1.24,0.34,19.98,10.08,0,4.95,41.72,8.13,3.36,1.77,2.83,56,0.67,1.07,0.88,13,1.41,23,0.53,0,17.33,6.66,3.89,3.01,0.71,43.51,5.83,34,1.41,47,0,0,0,17.86,63,1.06,25,43,1.94,1.77,32,61,-2,54.45,1.06,0.26,0.31,20.33,77,6.63,3.89,0.53,0.53,0,0.35,2.65,3.18,0.18,67,0.88,31,0.53,12,65,24,5,77,18,19.45,18.33,0.88,82,-1.13,17.17,14.96,0,0,0,0,0,,0,0,,0,0,0,0,0,0,33,8,2.35,22,0.07,0.06,0.05,0.00,,0.18,
Julieta Sofía Pérez Pérez,,Necaxa W,2026/2027,638,Extremo,0,0,0.05,0.08,0.71,0,40,1,,0.00,0,0.02,0.42,0,0.02,0.42,0,0,0,0,0.08,1.13,-0.08,0.85,0.28,0.56,33,2.40,0,2.26,1.55,0.56,0.15,1.98,0.41,21.73,9.46,0.01,6.07,40.74,7.34,2.26,3.53,4.09,68,1.13,1.28,1.27,39,1.69,38,0.42,0,16.94,7.00,4.38,3.67,1.13,44.56,6.63,39,1.98,54,0,0,0,15.24,64,0.14,17,14,1.98,0.99,16,63,0,50.45,0.99,0.05,0.11,15.95,79,5.49,2.82,0.14,0.14,0,0.14,1.27,1.41,0,0,0.14,33,0.14,31,55,14,25,75,0,15.99,11.43,0.87,104,-4.56,13.99,11.93,0,0,0,0,0,,0,0,,0,0,0,0,0,0,42,13,2.95,32,0.03,0.03,0.08,-0.04,,0.11,
Kristal Rubi Soto Cruz,,León W,2026/2027,630,Extremo,0.29,0.29,0.13,0.08,1.57,18,55,2,0,0.23,0.14,0.12,1.57,0,0.02,0.57,0.14,0.11,1.00,0.43,0.25,3.14,0.18,1.29,0.29,1.00,22,1.00,0,2.71,3.71,1.00,1.00,0.43,0.46,16.14,8.14,0.01,5.00,57.53,7.43,4.57,1.57,2.57,52,1.75,2.74,0.57,17,1.43,57,0.57,0.14,13.99,13.36,3.57,3.28,0.86,57.33,9.14,65,2.71,83,0,0,0,33.27,61,1.86,30,28,0.86,6.14,11,53,-8,62.21,4.71,0.24,0.36,33.70,83,5.63,10.28,3.14,1.71,1.43,0.14,1.86,3.57,0.14,18,0.71,16,0,15,74,11,25,61,14,21.08,16.22,0.84,82,-4.86,17.71,13.22,0,0,0,0,0,,0,0,,0,0,0,0,0,0,36,9,8.23,46,0.23,0.04,0.03,-0.07,,0.23,
Laisha Espinosa,,Querétaro W,2026/2027,118,Extremo,0,0,0,,0,,,0,,0,0,0.01,0.76,0,0.01,0.76,0,0,0,0,0.01,0.76,-0.01,0.76,0.76,0,100,0.76,0,2.29,4.58,0.76,0.43,0,0,14.50,3.05,0,3.81,47.38,12.21,7.63,2.29,3.05,50,2.17,2.60,0,0,2.29,0,0,0,12.21,9.31,3.81,5.34,2.29,48.50,6.10,50,3.05,57,0,0,0,28.23,69,0.76,16,33,0,2.29,13,80,11,65.02,0.76,0.20,0.20,27.47,86,6.93,11.44,0.76,0.76,0,0,0,0.76,0,0,0,0,0,18,69,13,7,67,27,18.48,13.21,0.88,121,-5.26,16.33,15.94,0,0,0,0,0,,0,0,,0,0,0,0,0,0,31,8,4.42,45,-0.03,0.10,0.03,,,0.10,
Lindsey Kimberley Thomas,,Monterrey W,2026/2027,112,Extremo,0.80,0.80,0.36,0.22,1.61,50,100,2,,1.04,0.80,0.23,1.61,0.80,0.23,1.61,0,0,0,1.61,0.59,3.21,1.01,0.80,0.80,0,100,0.80,0,2.41,0.80,0,0,1.61,2.50,11.24,3.21,0,4.82,49.49,8.03,4.82,1.61,1.61,100,2.89,2.89,0.80,,0,100,1.61,0,8.83,15.78,4.01,0,0,57.70,5.62,64,0,,0,0,0,37.72,78,0,14,,1.61,0,22,73,-5,69.53,1.61,1.20,1.39,33.71,93,5.20,18.46,1.61,1.61,0,0.80,7.22,8.83,0,0,0.80,33,1.61,10,71,18,9,74,17,13.29,9.06,0.96,98,-4.23,12.73,8.88,0,0,0,0,0,,0,0,,0,0,0,0,0,0,29,10,11.40,43,0.14,0.14,0.02,0.72,,1.02,
Lourdes Bosch,,Monterrey W,2026/2027,171,Extremo,0,0,0.29,0.14,2.10,0,50,3,,0.12,0.53,0.58,2.63,0.53,0.58,2.63,0,0,0,0.53,0.88,4.74,-0.35,6.84,2.63,4.21,38,1.05,0,4.74,8.94,2.63,3.34,0,0,26.31,8.42,0,8.94,48.08,9.47,6.84,2.63,5.26,100,3.62,6.96,5.26,,0,,0,0,18.42,23.04,6.84,6.84,2.63,47.59,8.42,46,4.21,62,0.53,0,0,25.78,70,1.05,32,40,0,2.63,14,100,30,74.11,2.10,0.82,1.14,38.94,69,6.28,13.15,2.63,2.63,0,1.58,7.89,10.52,0,60,2.10,57,2.10,20,62,18,20,56,24,19.11,13.45,0.94,100,-5.66,17.92,13.45,0,0,0,0,0,,0,0,,0,0,0,0,0,0,36,14,6.37,20,0.33,0.00,0.01,0.03,,0.37,
Lucía García,,Monterrey W,2026/2027,639,Extremo,0.99,0.42,0.56,0.16,3.52,12,48,5,100,0.63,0.56,0.45,2.96,0.42,0.40,2.40,0.14,0.05,0.56,0.99,1.00,6.48,-0.02,2.54,1.27,1.27,50,0.28,0,3.10,3.81,0.56,0.82,0.28,0.40,16.91,6.48,0,4.93,58.13,8.18,6.06,1.69,2.26,80,2.51,3.33,1.55,40,0.42,50,0.42,0,13.67,19.48,3.52,2.82,1.27,58.75,9.02,66,2.26,80,0,0,0.14,30.59,75,1.41,15,56,0.42,2.40,17,85,10,65.19,2.96,0.63,1.26,35.66,84,5.92,13.95,1.41,0.70,0.70,0.70,8.18,8.88,0.14,40,0.85,38,1.13,9,67,24,6,65,29,16.25,14.85,0.99,104,-1.41,16.07,15.45,0,0,0,0,0,,0,0,,0,0,0,0,0,0,27,8,8.40,31,0.06,0.12,0.02,-0.04,,0.17,
Mackenzee Vance,,Pachuca W,2026/2027,121,Extremo,0,0,0.39,0.52,0.74,0,0,2,,0,0,0.02,0.74,0,0.02,0.74,0,0,0,0,0.40,1.48,-0.40,0.74,0,0.74,0,2.97,0,0.74,3.71,0,0,0,0,12.61,7.42,0,4.45,61.44,5.93,4.45,0.74,0.74,100,1.08,1.08,2.22,,0,0,0,0,10.38,13.24,4.45,4.45,2.22,61.19,8.16,79,4.45,100,0,0,0,24.47,68,0.74,10,50,0,1.48,35,75,7,52.44,0,0.08,0.49,26.70,83,5.26,4.45,0,0,0,0.74,4.45,4.45,0,,0,,1.48,12,62,26,0,50,50,14.47,11.31,0.92,98,-3.17,13.28,11.06,0,0,0,0,0,,0,0,,0,0,0,0,0,0,21,3,1.48,13,-0.12,0.06,0.01,-0.31,,-0.37,
Manuela Paví,,Toluca W,2026/2027,176,Extremo,1.02,1.02,0.62,0.20,3.06,33,67,5,,1.02,0.51,0.13,1.02,0.51,0.13,1.02,0,0,0,1.53,0.74,4.08,0.79,1.53,0.51,1.02,33,2.55,0,2.55,2.55,0,0,0.51,0.69,17.35,8.67,0,4.59,60.88,5.61,3.06,3.57,3.57,100,4.46,4.46,2.55,100,0,100,0.51,0,11.22,13.56,4.08,3.06,0,60.42,8.16,73,2.55,83,0,0,0,26.02,83,0,10,0,0.51,1.02,11,67,-16,61.08,2.04,0.23,0.77,30.10,83,4.88,11.22,1.02,1.02,0,0.51,7.65,8.67,0,0,0,0,1.02,8,57,36,5,59,36,15.45,11.71,0.97,105,-3.74,15.01,12.23,0,0,0,0,0,,0,0,,0,0,0,0,0,0,19,6,3.47,18,-0.05,-0.05,0.09,0.63,,0.62,
Maria Guadalupe Sanchez Morales,,Tigres UANL W,2026/2027,888,Extremo,0.20,0.20,0.19,0.10,1.83,11,39,2,,0.11,0.41,0.51,2.74,0.41,0.43,1.72,0,0.08,1.01,0.61,0.70,4.56,-0.09,1.72,0.81,0.91,47,1.62,0,1.42,2.03,0.61,0.84,0.71,1.02,12.98,5.88,0,4.56,58.50,7.50,4.77,1.72,2.33,85,2.68,3.52,0.81,40,0.30,80,0.41,0.10,10.54,14.89,3.65,2.03,0.61,59.96,7.40,70,1.52,75,0,0,0,33.16,63,2.43,80,33,1.12,6.89,13,62,-1,63.50,3.85,0.76,1.20,33.46,91,5.63,11.25,3.45,1.83,1.62,0.51,2.94,4.77,0,38,1.62,27,0.71,15,71,14,20,66,14,21.10,15.45,0.85,102,-5.65,17.87,15.73,0,0,0,0,0,,0,0,,0,0,0,0,0,0,26,4,9.61,49,0.36,0.11,0.02,-0.01,,0.47,
Marissa Garcia,,León W,2026/2027,632,Extremo,0.14,0.14,0.26,0.18,1.42,10,40,1,,0.20,0.43,0.29,1.99,0.43,0.29,1.99,0,0,0,0.57,0.55,3.42,0.02,2.99,2.71,0.28,90,1.14,0,2.99,3.13,0.71,0.65,0.28,0.15,12.96,5.13,0,4.56,52.54,7.69,5.27,1.57,2.28,73,1.11,1.76,0.71,33,0.57,20,0.14,0,10.68,8.73,3.84,2.85,1.28,53.12,5.84,55,2.28,80,0.14,0,0,29.62,77,1.14,75,47,0.43,2.28,17,83,6,61.32,3.84,0.25,0.73,35.60,86,6.49,11.25,0.85,0.85,0,0.85,5.13,5.98,0,67,1.14,35,1.42,13,64,23,13,63,24,17.87,16.20,0.91,101,-1.66,16.34,16.42,0,0,0,0,0,,0,0,,0,0,0,0,0,0,20,9,7.77,44,0.13,0.08,0.04,0.04,,0.29,
Maritza Dardane Maldonado Velázquez,,Atlas W,2026/2027,568,Extremo,0,0,0.05,0.05,0.95,0,17,2,,0.00,0.16,0.12,0.63,0.16,0.12,0.63,0,0,0,0.16,0.17,1.59,-0.01,2.06,1.27,0.79,62,1.27,0.16,2.06,1.43,0.79,0.91,1.11,1.05,20.61,11.26,0.01,7.93,44.18,5.39,2.06,2.70,3.49,57,2.95,3.86,0.63,32,2.06,25,0.32,0,17.44,16.09,6.34,2.54,0.95,44.82,6.66,38,1.59,63,0,0,0,27.90,63,0.63,36,29,1.43,1.90,28,69,6,50.76,3.33,0.40,0.50,27.58,90,5.41,4.76,0.95,0.95,0,0.16,1.59,2.54,0,67,0.63,25,0.16,22,69,9,20,77,3,16.73,13.96,0.89,89,-2.76,14.94,12.37,0,0,0,0,0,,0,0,,0,0,0,0,0,0,40,12,3.54,35,0.11,0.11,0.00,-0.06,,0.15,
Mayra Pelayo-bernal,,Guadalajara W,2026/2027,209,Extremo,0,0,0.21,0.05,3.87,0,33,4,,0.69,0.43,0.13,1.29,0.43,0.08,0.86,0,0.05,0.43,0.43,0.34,5.16,0.09,2.15,1.29,0.86,60,3.01,0,3.01,2.58,1.29,1.41,1.29,2.02,17.19,10.31,0,6.44,58.67,8.16,5.59,3.01,4.30,54,3.90,5.31,1.29,25,2.58,50,1.29,0,12.89,16.86,3.87,3.01,0.86,58.69,8.16,63,2.15,71,0,0,0,31.79,64,1.29,19,43,1.29,3.01,11,63,-2,57.17,3.87,0.53,0.60,36.52,87,6.01,7.30,1.29,0.86,0.43,0.43,3.01,3.87,0,67,0.86,29,0.43,17,70,13,12,59,29,18.88,13.53,0.91,82,-5.35,17.10,11.05,0,0,0,0,0,,0,0,,0,0,0,0,0,0,30,4,3.61,17,0.05,0.07,0.04,0.12,,0.28,
Melissa Herrera,,Juárez W,2026/2027,209,Extremo,0,0,0.05,0.04,1.29,0,67,2,,0.13,0.86,0.62,2.58,0.86,0.62,2.58,0,0,0,0.86,0.67,3.87,0.19,0.86,0.43,0.43,50,0,0,1.29,1.29,0.43,0.53,0,0,17.65,7.32,0,4.74,50.91,7.75,2.58,3.01,3.44,100,4.17,4.70,0.86,,0,0,0,0,13.78,16.62,4.31,4.31,0.86,54.96,8.18,59,2.58,60,0,0,0,49.08,62,3.01,5,32,0.86,8.61,17,81,19,56.72,3.01,0.73,1.33,43.05,96,5.03,11.62,3.87,3.01,0.86,0.43,3.87,6.89,0.43,33,2.58,32,0.86,15,70,15,15,59,26,22.34,18.01,0.88,105,-4.34,19.59,18.93,0,0,0,0,0,,0,0,,0,0,0,0,0,0,39,6,7.96,49,0.08,0.12,0.03,0.00,,0.23,
Miah Zuazua,,Juárez W,2026/2027,113,Extremo,0.79,0.79,0.17,0.05,3.17,25,75,2,,0.34,0.79,0.35,3.17,0.79,0.26,2.38,0,0.09,0.79,1.59,0.52,6.35,1.07,7.14,3.97,3.17,56,0,0,0.79,6.35,0.79,1.44,0.79,1.44,10.32,2.38,0,3.17,62.76,10.32,6.35,1.59,2.38,100,2.88,4.32,0.79,,0,,0,0,7.94,13.12,2.38,2.38,0.79,61.82,5.56,70,1.59,67,0,0,0,46.03,64,5.56,74,54,0.79,10.32,13,67,2,66.23,6.35,1.07,1.75,56.35,87,5.07,19.84,4.76,3.97,0.79,1.59,10.32,14.29,0,50,4.76,60,1.59,18,63,19,20,60,20,23.23,13.41,0.98,119,-9.82,22.82,15.90,0,0,0,0,0,,0,0,,0,0,0,0,0,0,36,6,13.17,49,0.53,0.06,0.09,-0.11,,0.57,
Michelle Hernández,,Atlético San Luis W,2026/2027,647,Extremo,0.14,0.14,0.19,0.11,1.81,8,15,3,,0.06,0.14,0.13,0.70,0.14,0.13,0.70,0,0,0,0.28,0.33,2.50,-0.05,1.11,0.42,0.70,38,0.42,0.14,1.67,2.92,0.83,0.48,2.36,1.19,17.93,8.76,0.02,6.12,40.91,9.45,4.17,1.53,2.36,58,0.89,1.37,1.11,20,1.11,67,0.56,0,15.29,12.21,4.31,2.78,0.97,44.96,6.95,45,1.67,60,0.28,0,0,23.49,58,0.56,16,19,2.64,2.64,13,48,-9,46.89,2.78,0.31,0.51,19.18,80,5.53,3.48,0.70,0.56,0.14,0,1.67,2.22,0,80,0.56,25,0.14,31,59,10,16,60,24,20.55,16.14,0.93,83,-4.41,19.03,13.44,0,0,0,0,0,,0,0,,0,0,0,0,0,0,42,13,4.52,22,0.15,0.06,0.03,-0.08,,0.17,
Montserrat Saldívar,,América W,2026/2027,275,Extremo,0.98,0.98,0.57,0.18,3.27,30,70,3,,1.06,0.98,0.71,4.26,0.98,0.71,4.26,0,0,0,1.96,1.29,7.53,0.68,2.29,1.64,0.65,71,0.65,0,2.62,1.96,0.33,0.48,0,0,11.79,6.55,0,4.91,58.53,6.22,4.91,0.98,1.31,50,1.40,1.88,0.33,40,0.98,100,0.33,0,10.48,15.75,4.58,1.64,0.65,58.12,7.86,75,1.31,80,0,0,0,44.52,80,2.95,89,53,0.65,4.91,16,70,-10,68.28,6.22,1.13,1.75,45.83,91,5.05,22.26,3.93,3.27,0.65,0.65,7.53,10.80,0,42,2.62,67,1.31,16,70,14,16,71,13,17.59,16.15,0.95,130,-1.45,16.77,20.95,0,0,0,0,0,,0,0,,0,0,0,0,0,0,19,9,10.71,45,0.48,0.18,0.02,0.40,,1.08,
Natalia Macías Valadez Aguilera,,Atlético San Luis W,2026/2027,323,Extremo,0,0,0.04,0.07,0.56,0,0,1,,0,0,0.08,1.39,0,0.08,1.39,0,0,0,0,0.12,1.95,-0.12,1.95,1.39,0.56,71,1.67,0,3.62,3.90,1.12,1.19,0.56,0.33,27.60,10.60,0,8.09,46.70,9.48,3.90,1.95,3.07,58,1.60,2.79,2.23,33,1.39,80,1.12,0,23.42,15.08,6.69,5.30,1.95,48.93,11.99,51,3.35,63,0,0,0,30.39,62,1.67,43,67,1.12,1.95,34,63,1,51.50,4.18,0.26,0.39,33.74,79,5.61,6.41,0.56,0.56,0,0,2.51,3.07,0,100,0.56,29,0.56,23,56,21,30,43,26,17.69,16.38,0.87,101,-1.31,15.44,16.49,0,0,0,0,0,,0,0,,0,0,0,0,0,0,41,15,4.35,25,0.03,0.06,0.05,-0.04,,0.09,
Natalia Ugalde Molina,,Pumas UNAM W,2026/2027,31,Extremo,0,0,0,,0,,,0,,0,0,0,0,0,0,0,0,0,0,0,0,0,0,2.93,0,2.93,0,2.93,0,5.87,2.93,2.93,2.64,2.93,2.64,26.41,11.74,0,2.93,64.24,8.80,2.93,0,2.93,,0,2.64,11.74,,0,0,0,0,14.67,25.21,2.93,8.80,0,68.43,11.74,80,8.80,100,2.93,0,0,32.28,69,2.93,0,100,2.93,2.93,6,100,31,50.86,0,0.08,0.08,35.22,75,11.20,5.87,0,0,0,0,0,0,0,,0,,0,31,63,6,0,100,0,12.16,0.20,0.80,100,-11.96,9.76,0.20,0,0,0,0,0,,0,0,,0,0,0,0,0,0,0,0,4.70,20,-0.10,0.20,-0.05,,,0.06,
Nayeli Diaz,,Santos Laguna W,2026/2027,251,Extremo,0.72,0.72,0.45,0.18,2.51,29,29,7,,0.59,0,0.01,0.36,0,0.01,0.36,0,0,0,0.72,0.46,2.86,0.26,1.79,0.72,1.07,40,0.36,0,2.86,4.30,0,0,1.07,0.61,20.41,10.38,0,7.16,57.27,6.44,3.94,0.72,0.72,50,0.39,0.39,0.36,0,0.72,50,0.36,0,19.69,8.04,5.73,2.86,1.43,58.24,13.25,67,1.79,63,0,0,0,14.68,77,0.36,25,100,1.43,0,25,82,5,56.17,2.86,0.57,0.77,18.62,67,6.12,4.30,0.36,0.36,0,0,3.58,3.94,0,0,0,0,0.36,25,50,25,25,50,25,15.79,19.97,1.00,114,4.18,15.83,22.74,0,0,0,0,0,,0,0,,0,0,0,0,0,0,36,20,1.50,11,-0.04,0.03,0.03,0.23,,0.25,
Nina Dominique Nicosia,,Pachuca W,2026/2027,613,Extremo,0.15,0.15,0.22,0.12,1.76,8,33,2,,0.25,0,0.17,2.06,0,0.17,2.06,0,0,0,0.15,0.39,3.82,-0.24,1.03,0.59,0.44,57,0.59,0,2.06,1.76,0.29,0.29,0.15,0.09,16.16,8.37,0,4.85,57.32,6.61,4.26,1.47,1.76,77,1.60,1.89,1.62,40,0.44,0,0,0,13.07,15.09,4.26,3.38,0.59,58.95,9.69,74,2.94,87,0.44,0,0,34.96,78,1.03,81,54,0.44,1.62,23,80,2,60.60,3.97,0.55,0.85,35.84,92,5.04,12.93,1.18,1.18,0,0.59,3.38,4.55,0.15,0,0.15,9,0.73,18,66,17,20,59,20,14.78,13.26,0.94,91,-1.51,13.91,12.09,0,0,0,0,0,,0,0,,0,0,0,0,0,0,25,10,6.71,37,0.01,0.17,0.01,-0.01,,0.18,
Norma Luz Irene Duarte Palafox,,Juárez W,2026/2027,457,Extremo,0.20,0.20,0.24,0.11,2.17,9,55,3,,0.45,0.20,0.23,1.38,0.20,0.23,1.38,0,0,0,0.39,0.46,3.55,-0.07,4.93,1.97,2.96,40,1.38,0,1.97,7.09,0.20,0.20,0.59,0.49,17.34,8.87,0,6.70,52.00,7.09,3.55,0.99,1.18,28,0.93,1.13,1.97,13,2.56,14,0.20,0,14.58,16.11,4.73,3.74,1.18,52.69,8.27,57,2.76,74,0.20,0,0,32.70,62,2.36,16,43,1.18,4.93,14,65,4,63.27,5.12,0.34,0.71,39.99,81,6.76,12.02,2.36,2.36,0,0.20,3.35,5.71,0.20,42,1.58,36,0.39,15,70,15,10,69,21,19.87,21.94,0.87,85,2.08,17.27,18.59,0,0,0,0,0,,0,0,,0,0,0,0,0,0,31,3,5.73,42,0.11,0.14,-0.02,0.05,,0.28,
Priscila,,América W,2026/2027,486,Extremo,1.11,1.11,0.74,0.18,4.08,27,64,5,,1.33,0.37,0.31,1.85,0.37,0.31,1.85,0,0,0,1.48,1.05,5.93,0.43,2.41,1.67,0.74,69,1.11,0,3.71,3.34,0.19,0.27,0,0,16.12,6.86,0,5.37,60.79,6.67,4.08,1.30,1.48,78,1.82,2.10,1.85,33,0.37,25,0.37,0,12.97,20.04,4.82,2.96,0.37,62.20,9.82,76,2.22,75,0.19,0,0,31.50,80,1.30,8,100,0.19,1.11,17,76,-4,61.50,2.41,0.90,1.35,37.43,85,5.14,12.42,1.67,1.67,0,0.74,9.26,10.93,0,44,0.93,56,0.74,17,59,23,21,55,24,14.37,13.25,1.03,103,-1.12,14.82,13.66,0,0,0,0,0,,0,0,,0,0,0,0,0,0,18,9,4.65,17,0.11,0.13,0.01,0.48,,0.74,
Priscila Chinchilla,,Pumas UNAM W,2026/2027,731,Extremo,0.25,0.25,0.27,0.08,3.45,7,54,5,,0.40,0,0.26,1.35,0,0.26,1.35,0,0,0,0.25,0.53,4.80,-0.28,2.59,1.60,0.99,62,1.48,0.12,3.82,3.20,0.25,0.23,0.37,0.51,19.09,7.14,0.01,3.69,57.94,6.90,4.93,2.34,2.59,63,2.84,3.07,2.46,27,1.35,17,0.25,0,14.28,17.49,3.08,4.19,1.11,59.39,9.48,66,3.32,79,0,0,0.12,29.31,74,1.48,15,46,0.74,2.83,22,75,1,64.03,4.31,0.72,0.98,36.45,82,6.44,12.07,1.48,1.23,0.25,0.62,4.19,5.42,0.12,33,0.99,42,0.62,14,70,17,17,70,12,18.60,16.10,0.96,102,-2.50,17.78,16.35,0,0,0,0,0,,0,0,,0,0,0,0,0,0,25,11,5.76,28,0.13,0.06,0.01,0.07,,0.28,
Renata Huerta,,Atlas W,2026/2027,527,Extremo,0.34,0.34,0.23,0.13,1.71,20,30,3,,0.34,0.17,0.04,0.51,0.17,0.04,0.51,0,0,0,0.51,0.27,2.22,0.25,2.91,1.71,1.20,59,1.71,0,1.71,4.62,0.17,0.07,0.34,0.31,17.95,7.86,0,8.89,47.37,7.52,3.76,2.39,2.56,64,2.29,2.36,0.17,67,1.37,50,0.68,0,15.38,13.98,6.67,3.59,1.54,46.97,6.50,42,2.05,57,0,0,0,32.65,74,1.37,18,53,0.34,2.56,21,71,-3,55.84,3.42,0.30,0.47,35.21,85,5.10,9.57,1.03,1.03,0,0.17,2.91,3.93,0.17,17,0.34,40,0.17,22,59,19,34,52,14,16.33,11.66,0.96,110,-4.67,15.73,12.83,0,0,0,0,0,,0,0,,0,0,0,0,0,0,34,13,1.95,19,-0.07,0.06,0.03,0.14,,0.16,
Samantha Simental,,Monterrey W,2026/2027,145,Extremo,0,0,0.02,0.02,1.24,0,50,2,,0.01,0,0,0,0,0,0,0,0,0,0,0.02,1.24,-0.02,1.86,1.24,0.62,67,0,0,2.48,4.35,0.62,0.69,0.62,0.69,18.62,9.31,0,3.10,50.93,6.21,3.10,2.48,3.10,57,3.42,4.11,1.24,50,1.86,0,0,0,14.90,22.66,2.48,4.97,1.24,56.73,9.93,67,4.35,88,0,0,0,29.80,76,0.62,12,100,0.62,0.62,20,55,-21,60.75,4.35,0.23,0.25,31.66,82,4.10,13.04,1.24,1.24,0,1.24,3.10,4.35,0,50,1.24,100,0,24,61,15,14,76,10,16.33,9.35,1.06,138,-6.98,17.37,12.89,0,0,0,0,0,,0,0,,0,0,0,0,0,0,24,6,2.11,12,0.24,0.03,0.00,-0.06,,0.20,
Samaria Mejia,,Atlante W,2026/2027,523,Extremo,0,0,0.21,0.12,1.72,0,20,4,,0.02,0,0.04,0.52,0,0.04,0.52,0,0,0,0,0.24,2.24,-0.24,1.03,0.17,0.86,17,1.72,0,1.38,3.62,1.03,0.58,0.69,0.52,21.86,10.85,0.03,6.89,53.95,8.95,4.30,2.24,3.27,81,1.73,2.31,1.72,25,0.52,14,0.34,0,18.08,10.92,6.03,4.82,2.07,58.69,11.88,66,3.62,75,0,0,0,20.66,62,0.69,18,40,1.03,1.38,26,63,0,48.37,2.41,0.24,0.33,20.66,81,5.07,3.27,0.34,0.34,0,0.17,1.89,2.24,0,0,0.17,17,0.17,24,57,19,32,42,26,16.97,16.44,0.95,78,-0.53,16.05,12.89,0,0,0,0,0,,0,0,,0,0,0,0,0,0,35,8,1.88,18,0.06,0.05,0.04,0.01,,0.15,
Sarah Luebbert,,América W,2026/2027,195,Extremo,0,0,0.26,0.11,2.31,0,40,3,,0.15,0,0.04,0.46,0,0.04,0.46,0,0,0,0,0.30,2.77,-0.30,2.77,1.85,0.92,67,0.92,0,0.92,1.85,0.46,0.60,0,0,9.69,6.00,0,1.38,63.96,3.23,2.77,0.92,1.38,50,1.41,2.00,1.38,0,0.92,75,1.38,0,7.38,11.06,1.38,2.31,0.92,63.03,6.00,81,1.85,80,0,0,0,31.37,74,1.38,27,60,0,2.31,19,62,-12,69.87,2.77,0.44,0.55,33.22,93,6.63,16.61,0.46,0.46,0,0.46,7.38,7.84,0,100,0.92,29,0.92,9,72,19,17,69,14,14.24,9.90,1.00,109,-4.35,14.24,10.78,0,0,0,0,0,,0,0,,0,0,0,0,0,0,25,6,3.69,16,-0.09,0.21,0.01,-0.05,,0.08,
Scarlett Camberos,,América W,2026/2027,634,Extremo,0.43,0.28,0.31,0.13,2.27,13,75,3,100,0.45,0.57,0.28,2.27,0.57,0.28,2.27,0,0,0,0.85,0.58,4.54,0.27,2.70,1.42,1.28,53,1.42,0.14,3.41,4.40,0.14,0.21,0.28,0.43,13.06,5.82,0,4.40,58.80,6.96,5.25,1.70,1.85,71,2.66,2.86,1.14,43,0.71,,0,0,10.22,15.14,3.41,2.70,0.57,57.41,6.39,63,1.70,63,0.14,0,0,38.04,74,1.99,15,54,0.43,3.55,18,69,-4,64.63,4.83,0.51,0.94,42.73,84,6.63,17.03,1.14,1.14,0,0.85,6.53,7.67,0.14,50,1.14,21,1.42,12,72,17,17,68,16,18.20,15.16,0.92,113,-3.04,16.83,17.18,0,0,0,0,0,,0,0,,0,0,0,0,0,0,23,8,6.96,29,0.23,0.22,0.00,0.21,,0.66,
Sindia Arteaga,,León W,2026/2027,197,Extremo,0,0,0.12,0.04,2.73,0,33,5,,0.11,0,0.04,1.37,0,0.02,0.91,0,0.02,0.46,0,0.16,4.10,-0.16,2.28,0.46,1.82,20,1.37,0,2.28,4.10,0.46,0.24,0.46,0.26,12.31,5.47,0,4.56,53.92,8.66,5.01,1.37,1.82,50,0.72,0.96,2.28,33,1.37,50,0.91,0,8.66,7.95,3.65,1.82,0.91,55.69,6.38,74,1.82,100,0.46,0.46,0,31.00,45,3.19,29,44,0.91,6.84,13,60,15,58.22,3.65,0.22,0.47,33.73,82,8.10,5.93,0.91,0.46,0.46,0,3.19,3.65,0,50,0.46,6,0.46,15,72,13,8,54,38,21.89,17.37,0.97,114,-4.53,21.33,19.78,0,0,0,0,0,,0,0,,0,0,0,0,0,0,29,3,7.75,41,-0.07,0.18,0.00,-0.06,,0.05,
Thembi Kgatlana,,Tigres UANL W,2026/2027,528,Extremo,1.36,1.19,0.57,0.15,3.75,32,68,6,100,0.81,0.17,0.13,1.36,0.17,0.13,1.36,0,0,0,1.36,0.70,5.11,0.66,3.58,2.05,1.53,57,2.73,0.17,2.73,3.58,0,0,0,0,13.64,6.48,0,3.92,58.49,7.50,6.48,1.88,1.88,92,2.74,2.74,1.19,67,0.17,0,0,0,10.57,15.19,3.41,2.90,0.85,58.86,6.82,65,2.05,71,0,0,0,23.87,64,1.36,9,67,0.34,1.70,16,61,-3,67.17,4.26,0.80,1.19,32.73,85,8.10,10.06,1.02,1.02,0,0.85,7.16,8.18,0,0,0.51,14,1.36,14,73,13,19,68,14,17.65,16.76,1.00,105,-0.89,17.69,17.53,0,0,0,0,0,,0,0,,0,0,0,0,0,0,29,5,7.06,35,-0.03,0.54,0.02,0.12,,0.64,
V.Ceceña Valdéz,,Querétaro W,2026/2027,473,Extremo,0.19,0.19,0.21,0.15,1.33,14,43,2,,0.19,0,0.16,0.95,0,0.16,0.95,0,0,0,0.19,0.36,2.28,-0.17,3.81,2.28,1.52,60,2.28,0,2.28,3.43,0.95,1.06,0.95,1.05,21.13,9.52,0,6.47,56.20,8.18,4.38,1.14,2.09,40,1.10,2.15,1.71,10,1.71,36,0.76,0,18.27,14.84,4.76,4.38,0.95,58.09,11.42,63,3.24,74,0.57,0,0,26.46,73,0.38,9,33,1.14,0.95,28,73,0,61.04,4.19,0.38,0.55,31.60,85,6.79,8.38,0.76,0.76,0,0.38,3.62,4.38,0,25,0.19,11,0.76,13,71,16,11,75,14,14.55,12.07,0.94,104,-2.48,13.67,12.61,0,0,0,0,0,,0,0,,0,0,0,0,0,0,21,8,4.74,33,-0.04,0.13,-0.02,0.01,,0.07,
Valeria Suárez Alonso,,Cruz Azul W,2026/2027,50,Extremo,0,0,0.47,0.07,7.17,0,100,5,,1.90,0,0.26,1.79,0,0.26,1.79,0,0,0,0,0.73,8.96,-0.73,5.38,3.59,1.79,67,0,0,7.17,1.79,1.79,2.83,0,0,12.55,8.96,0,5.38,61.41,16.14,8.96,0,1.79,,0,2.83,0,,0,0,0,0,12.55,19.82,3.59,1.79,0,63.86,8.96,71,1.79,100,0,0,0,55.58,61,1.79,0,50,1.79,1.79,23,71,10,58.71,7.17,0.94,1.23,57.37,84,5.65,10.76,0,0,0,3.59,12.55,12.55,0,,0,0,1.79,26,58,16,0,83,17,16.94,17.66,0.86,77,0.72,14.60,13.67,0,0,0,0,0,,0,0,,0,0,0,0,0,0,19,13,12.55,40,0.01,0.30,-0.02,0.81,,1.09,
Valerie Vargas,,Monterrey W,2026/2027,285,Extremo,0,0,0.17,0.04,4.73,0,60,4,,0.32,0,0.20,2.52,0,0.17,2.21,0,0.03,0.32,0,0.37,7.25,-0.37,4.42,3.47,0.95,79,1.26,0,3.15,3.78,0.32,0.55,0.95,1.48,22.71,11.35,0,7.88,51.92,10.72,4.42,4.42,4.73,74,6.37,6.92,2.21,50,1.58,50,0.32,0,16.08,22.40,5.68,5.05,1.89,51.29,8.83,55,3.47,69,0,0,0,44.78,70,3.78,80,44,1.26,8.20,16,64,-6,55.62,6.94,0.52,0.88,53.30,88,5.50,13.25,2.84,2.52,0.32,0,3.78,6.31,0,44,1.26,33,0.32,12,75,12,10,67,24,21.49,14.12,0.87,85,-7.37,18.70,12.06,0,0,0,0,0,,0,0,,0,0,0,0,0,0,26,3,10.06,41,0.04,0.15,0.05,-0.03,,0.21,
Alice Soto,,Monterrey W,2026/2027,141,Mediapunta,0,0,0.05,0.03,1.91,0,33,2,,0.08,1.28,0.35,3.19,1.28,0.35,3.19,0,0,0,1.28,0.40,5.11,0.88,3.19,1.91,1.28,60,2.55,0,1.28,1.91,0.64,0.83,0.64,1.12,19.78,8.94,0,4.47,50.04,8.94,5.11,4.47,5.11,88,6.08,6.91,2.55,0,0.64,33,0.64,0,12.76,18.00,4.47,6.38,1.28,48.15,7.66,60,5.11,80,0,0,0,62.55,77,3.19,30,45,0.64,7.02,23,65,-12,59.81,9.57,0.59,0.74,59.99,95,5.29,22.98,3.19,3.19,0,0.64,1.91,5.11,0.64,0,0,0,1.28,18,76,6,28,64,8,17.42,12.74,0.91,87,-4.68,15.80,11.09,0,0,0,0,0,,0,0,,0,0,0,0,0,0,23,6,10.85,65,0.29,0.14,0.06,-0.04,,0.45,
Aylín Ariana Aviléz Peña,,América W,2026/2027,277,Mediapunta,0.33,0.33,0.51,0.14,3.58,9,64,5,,0.69,0,0.16,2.60,0,0.02,0.33,0,0.14,2.28,0.33,0.67,6.18,-0.34,0.65,0.33,0.33,50,0.98,0,0.65,1.95,0.33,0.57,0,0,10.40,5.20,0,4.88,51.45,7.80,5.53,0.33,0.65,25,0.57,1.14,0.65,0,0.98,100,0.65,0,9.43,16.06,3.90,2.28,2.28,50.68,5.20,55,1.63,71,0.33,0,0,34.78,77,4.23,13,62,0,6.83,11,71,-6,63.31,4.55,0.86,1.30,30.55,94,3.50,13.33,2.93,0.33,2.60,0,3.58,3.90,0,0,0,0,0,22,70,8,27,71,2,20.58,11.45,0.97,110,-9.13,20.03,12.54,0,0,0,0,0,,0,0,,0,0,0,0,0,0,20,5,7.64,23,0.03,0.10,0.01,0.11,,0.25,
Betzy Casandra Cuevas Araujo,,Toluca W,2026/2027,479,Mediapunta,0,0,0.02,0.05,0.38,0,50,0,,0.03,0,0.01,0.56,0,0.01,0.56,0,0,0,0,0.03,0.94,-0.03,0.56,0.38,0.19,67,1.13,0,1.50,1.32,0.75,0.98,0.75,0.51,19.37,9.40,0,8.27,47.93,8.65,4.32,2.44,3.20,93,2.41,3.39,0.75,50,0.19,50,0.38,0,16.17,17.28,6.58,3.95,2.26,48.49,7.14,44,2.26,57,0.19,0,0,31.21,84,1.32,6,100,0.94,1.13,28,72,-13,50.84,3.38,0.42,0.44,27.45,90,3.49,7.33,0.75,0.75,0,0.19,1.32,2.07,0,0,0,0,0.38,11,74,15,10,82,8,16.86,15.22,1.02,107,-1.64,17.13,16.30,0,0,0,0,0,,0,0,,0,0,0,0,0,0,22,12,4.53,25,-0.04,0.00,0.04,-0.03,,-0.03,
Carla Montes,,Monterrey W,2026/2027,24,Mediapunta,0,0,0,,0,,,0,,0,0,0,0,0,0,0,0,0,0,0,0,0,0,3.77,3.77,0,100,0,0,0,3.77,0,0,0,0,18.87,7.55,0,7.55,49.74,0,0,0,0,,0,0,0,,0,,0,0,18.87,31.10,7.55,3.77,3.77,49.74,11.32,60,0,0,0,0,0,37.74,90,0,22,,0,0,10,100,10,51.65,3.77,1.29,1.29,37.74,90,2.46,3.77,0,0,0,0,0,0,3.77,,0,0,0,10,80,10,100,0,0,19.67,19.41,0.98,100,-0.26,19.26,19.41,0,0,0,0,0,,0,0,,0,0,0,0,0,0,10,0,35.09,63,-0.13,-0.15,,,,-0.28,
Cinthya Peraza,,Juárez W,2026/2027,342,Mediapunta,0.26,0.26,0.32,0.17,1.84,14,57,2,,0.47,0,0.10,1.84,0,0.02,0.53,0,0.09,1.31,0.26,0.42,3.68,-0.16,1.31,1.05,0.26,80,1.31,0,0.79,2.37,0.26,0.40,0.26,0.40,4.99,2.37,0,2.10,54.36,9.72,6.57,0.53,0.79,40,0.88,1.28,0.26,0,0.79,33,0.53,0,4.20,5.13,1.84,0.79,0.26,55.65,2.89,69,0.79,100,0,0,0,41.00,74,3.42,21,59,0.26,5.78,10,83,10,55.29,6.31,0.49,0.59,36.53,96,2.65,12.88,2.63,0.53,2.10,0.53,4.99,5.52,0,30,0.79,30,0.53,21,68,11,24,63,12,18.65,15.13,0.97,97,-3.52,18.00,14.66,0,0,0,0,0,,0,0,,0,0,0,0,0,0,28,8,6.83,36,0.14,0.08,0.02,0.26,,0.50,
Danielle Fuentes,,Tijuana W,2026/2027,314,Mediapunta,0,0,0.00,0.01,0.29,0,0,1,,0,0.29,0.06,0.86,0.29,0.06,0.86,0,0,0,0.29,0.06,1.15,0.22,1.72,0.86,0.86,50,0.86,0.29,2.58,3.16,0,0,0,0,18.95,8.04,0,4.59,53.68,7.46,4.31,1.44,1.44,83,1.20,1.20,0.57,67,0.29,20,0.29,0,16.94,16.31,4.31,6.60,1.72,54.33,9.76,58,4.02,61,0,0,0,25.55,71,1.15,18,40,0,2.87,16,75,4,53.79,2.30,0.44,0.44,25.84,81,4.57,5.45,1.15,1.15,0,0.29,1.72,2.87,0,50,1.15,57,0.57,12,73,14,21,68,11,17.17,12.77,0.89,84,-4.41,15.36,10.78,0,0,0,0,0,,0,0,,0,0,0,0,0,0,27,8,6.00,36,0.06,0.24,0.01,-0.01,,0.30,
Danya Gutiérrrez,,León W,2026/2027,23,Mediapunta,0,0,0.37,0.09,3.94,0,100,0,,0.18,0,0,0,0,0,0,0,0,0,0,0.37,3.94,-0.37,0,0,0,,0,0,0,0,0,0,3.94,5.79,27.57,19.69,0,3.94,34.65,0,0,0,0,,0,0,7.88,,0,,0,0,19.69,17.89,3.94,0,0,38.55,7.88,40,0,,0,0,0,23.63,100,0,0,,3.94,0,0,,,46.79,0,0,0,19.69,100,1.11,3.94,0,0,0,0,0,0,0,,0,,0,0,33,67,0,0,100,16.98,,1.00,,,16.98,,0,0,0,0,0,,0,0,,0,0,0,0,0,0,0,0,,,-0.10,0.00,0.01,-0.37,,-0.46,
Deiry Ramírez,,Tigres UANL W,2026/2027,22,Mediapunta,0,0,0.27,0.03,8.33,0,0,10,,0,0,0.38,4.17,0,0.38,4.17,0,0,0,0,0.64,12.50,-0.64,0,0,0,,0,0,0,4.17,0,0,0,0,4.17,0,0,0,86.35,12.50,8.33,0,0,0,0,0,0,0,4.17,,0,0,4.17,7.75,0,0,0,86.35,4.17,100,0,,0,0,0,41.67,80,0,13,,0,0,0,,,63.96,8.33,0.89,0.89,37.50,89,3.10,20.83,4.17,4.17,0,0,4.17,8.33,0,100,4.17,100,0,30,40,30,40,20,40,11.33,,0.94,,,10.65,,0,0,0,0,0,,0,0,,0,0,0,0,0,0,20,0,8.33,33,0.59,-0.41,,-0.21,,-0.03,
Deyna Castellanos,,Tigres UANL W,2026/2027,89,Mediapunta,0,0,0.26,0.05,5.06,0,0,6,,0,0,0.10,2.03,0,0.10,2.03,0,0,0,0,0.37,7.09,-0.37,1.01,1.01,0,100,1.01,0,4.05,2.03,0,0,0,0,6.08,2.03,0,3.04,61.26,6.08,4.05,1.01,1.01,50,1.81,1.81,0,0,1.01,50,1.01,0,5.06,7.67,2.03,2.03,1.01,65.40,4.05,80,2.03,100,0,0,0,31.40,71,1.01,9,20,0,5.06,6,100,29,56.49,4.05,0.28,0.43,37.47,86,5.63,12.15,1.01,1.01,0,1.01,5.06,6.08,0,0,0,,1.01,20,66,14,33,58,8,18.52,12.52,0.89,100,-6.00,16.48,12.52,0,0,0,0,0,,0,0,,0,0,0,0,0,0,23,0,3.85,20,-0.24,0.18,0.00,-0.29,,-0.35,
Dorian Montserrat Hernández García,,Pumas UNAM W,2026/2027,378,Mediapunta,0.48,0.48,0.55,0.15,3.57,13,47,5,,0.52,0.48,0.14,2.14,0.48,0.13,1.90,0,0.01,0.24,0.95,0.69,5.71,0.26,0.71,0.24,0.48,33,0.24,0,1.67,1.19,0.48,0.67,0.48,0.44,15.00,6.90,0,4.52,54.68,7.62,3.57,1.43,1.90,55,1.70,2.37,0.95,17,1.19,50,0.71,0,12.62,15.79,3.57,1.90,0.24,55.17,7.62,60,1.90,100,0,0,0,38.09,78,2.38,59,42,1.19,5.00,19,81,3,57.80,6.43,0.51,0.84,35.23,92,4.95,14.05,1.90,1.43,0.48,0.24,5.24,6.67,0,0,0.24,33,1.19,19,66,16,17,75,8,20.08,17.66,0.90,103,-2.42,18.11,18.11,0,0,0,0,0,,0,0,,0,0,0,0,0,0,21,10,6.48,31,0.04,0.05,0.00,-0.14,,-0.04,
Kayla Fernandez,,Toluca W,2026/2027,100,Mediapunta,1.81,1.81,0.03,0.02,1.81,100,100,4,,0.30,0.90,0.16,1.81,0,0.06,0.90,0.90,0.11,0.90,2.71,0.19,3.62,2.52,0,0,0,,0.90,0,1.81,1.81,0.90,0.91,0,0,17.18,4.52,0,4.52,59.68,4.52,2.71,0.90,1.81,100,1.15,2.05,0,,0,0,0,0,16.27,19.73,4.52,8.14,2.71,58.47,10.85,67,5.42,67,0,0,0,25.31,55,2.71,44,30,1.81,7.23,14,25,-30,62.13,3.62,0.15,0.18,25.31,89,3.78,7.23,1.81,0.90,0.90,0,0,0.90,0,100,1.81,100,0,24,66,10,13,75,13,26.83,34.37,0.77,89,7.54,20.71,30.69,0,0,0,0,0,,0,0,,0,0,0,0,0,0,34,10,3.98,25,0.06,0.02,0.00,0.09,,0.18,
Lourdes Sofia Martínez Barajas,,Monterrey W,2026/2027,351,Mediapunta,0,0,0.02,0.03,0.77,0,0,1,,0,0,0.01,0.51,0,0.01,0.51,0,0,0,0,0.03,1.28,-0.03,0.77,0.51,0.26,67,0.51,0,3.33,0.77,0.77,1.15,0,0,25.11,9.99,0,9.74,58.43,9.99,5.38,1.79,2.56,47,2.65,3.80,3.84,30,2.05,,0,0,19.48,29.49,7.43,6.92,2.56,58.69,13.84,71,5.38,78,0,0,0.26,42.03,76,1.03,28,33,0.26,2.82,21,72,-3,62.44,5.89,0.59,0.59,39.46,92,6.07,17.94,0.26,0.26,0,0.26,2.05,2.31,0,0,0,0,0.26,14,72,14,16,67,17,15.70,11.51,0.93,107,-4.20,14.60,12.33,0,0,0,0,0,,0,0,,0,0,0,0,0,0,26,9,4.84,26,-0.07,0.07,0.03,-0.01,,0.02,
Marianyela Antonella,,Querétaro W,2026/2027,696,Mediapunta,0,0,0.17,0.08,2.20,0,41,3,,0.11,0.13,0.17,1.42,0,0.12,0.65,0.13,0.06,0.78,0.13,0.34,3.62,-0.22,2.46,1.03,1.42,42,1.68,0,1.16,3.10,0.65,0.51,0.78,0.49,14.99,5.56,0,5.04,43.75,10.08,5.30,1.55,2.20,71,1.36,1.87,1.29,29,0.65,67,0.26,0,12.15,10.23,4.01,3.36,1.16,46.76,5.43,45,1.81,54,0.26,0,0.13,31.79,72,2.71,14,43,1.29,5.82,15,71,-1,55.62,5.82,0.39,0.55,33.21,89,5.92,8.66,1.94,0.78,1.16,0.13,1.03,1.81,0.39,27,0.52,33,0.13,17,71,12,24,69,7,20.64,17.12,0.92,116,-3.52,19.09,19.86,0,0,0,0,0,,0,0,,0,0,0,0,0,0,23,8,4.69,39,0.06,0.14,0.03,-0.01,,0.22,
María Natalia Mauleon Piñón,,Guadalajara W,2026/2027,672,Mediapunta,0,0,0.07,0.06,1.20,0,11,1,,0.00,0.40,0.33,1.74,0.40,0.31,1.47,0,0.01,0.27,0.40,0.40,2.94,0.01,0.80,0.40,0.40,50,2.14,0.13,2.28,1.87,0.67,0.72,0.13,0.19,25.16,13.25,0,7.63,53.02,8.97,5.22,2.54,3.21,66,2.79,3.51,0.80,0,1.34,14,0.13,0.13,21.82,21.57,6.56,7.36,2.28,52.72,11.91,55,4.55,62,0.13,0,0,33.86,85,2.68,12,77,0.40,3.21,16,86,1,55.21,5.09,0.41,0.68,34.00,91,4.03,10.84,0.94,0.67,0.27,0.27,1.20,1.87,0.40,0,0,0,0.27,21,67,12,27,64,9,17.95,15.01,0.97,101,-2.95,17.44,15.16,0,0,0,0,0,,0,0,,0,0,0,0,0,0,16,5,4.85,25,0.03,0.18,0.02,-0.06,,0.18,
María Pérez,,Guadalajara W,2026/2027,15,Mediapunta,0,0,0,,0,,,0,,0,0,1.00,6.12,0,1.00,6.12,0,0,0,0,1.00,6.12,-1.00,0,0,0,,0,0,0,0,0,0,0,0,36.69,24.46,0,12.23,48.86,0,0,6.12,6.12,100,5.47,5.47,0,100,0,50,6.12,0,30.58,27.36,12.23,6.12,0,45.92,12.23,40,6.12,100,0,0,0,24.46,50,0,0,,0,0,25,0,-50,90.07,0,0,1.49,6.12,100,0.67,12.23,0,0,0,6.12,12.23,12.23,0,,6.12,100,0,0,100,0,0,100,0,10.52,0.54,1.48,,-9.98,15.51,,0,0,0,0,0,,0,0,,0,0,0,0,0,0,75,25,12.84,41,0.88,0.01,0.11,,,1.00,
Meghan Lee Cavanaugh,,Necaxa W,2026/2027,73,Mediapunta,0,0,0.89,0.18,4.94,0,0,3,,0,0,0.29,2.47,0,0.29,2.47,0,0,0,0,1.18,7.41,-1.18,1.24,0,1.24,0,1.24,0,1.24,1.24,0,0,3.71,1.33,33.36,13.59,0,4.94,50.15,8.65,3.71,0,0,,0,0,0,,0,,0,0,33.36,6.60,3.71,9.89,0,54.97,22.24,67,8.65,88,0,0,0,14.83,50,1.24,29,20,3.71,6.18,14,50,0,60.65,3.71,0.03,1.20,14.83,83,7.30,4.94,0,0,0,1.24,9.89,9.89,0,,0,,1.24,36,57,7,25,75,0,25.39,17.28,0.65,38,-8.11,16.52,6.60,0,0,0,0,0,,0,0,,0,0,0,0,0,0,36,0,4.20,27,0.15,0.06,-0.03,-0.43,,-0.25,
N.Eguia,,Querétaro W,2026/2027,402,Mediapunta,0.45,0.45,0.20,0.11,1.79,25,63,3,,0.27,0,0.16,1.12,0,0.16,1.12,0,0,0,0.45,0.36,2.91,0.09,1.34,1.12,0.22,83,0.22,0,0.90,2.46,0.45,0.51,0.45,0.39,9.41,5.60,0.02,4.25,51.11,7.39,3.14,0.45,0.90,22,0.51,1.02,0.67,14,1.57,0,0,0,8.29,6.04,2.91,1.34,0.22,53.64,4.70,57,0.90,67,0.22,0,0,29.34,77,2.69,28,44,1.12,5.37,20,79,2,55.07,4.93,0.26,0.41,30.01,90,5.25,9.63,0.67,0.22,0.45,0,1.34,1.57,0.22,33,0.22,20,0,22,64,14,26,65,9,20.49,19.23,0.86,94,-1.26,17.63,18.12,0,0,0,0,0,,0,0,,0,0,0,0,0,0,26,12,3.52,27,-0.02,0.09,0.00,0.12,,0.19,
Nicole Camarena,,Tijuana W,2026/2027,14,Mediapunta,0,0,0,,0,,,0,,0,0,0,0,0,0,0,0,0,0,0,0,0,0,0,0,0,,0,0,0,6.41,0,0,0,0,12.83,6.41,,6.41,81.86,0,0,0,0,,0,0,0,,0,,0,0,12.83,9.03,6.41,0,0,81.86,12.83,100,0,,0,0,0,12.83,50,0,0,,0,0,0,,,77.93,0,1.66,1.66,12.83,50,1.02,6.41,0,0,0,0,0,0,0,,0,,0,50,0,50,0,0,100,12.83,,0.90,,,11.60,,0,0,0,0,0,,0,0,,0,0,0,0,0,0,50,0,6.41,22,-0.04,-0.10,,,,-0.15,
Nicole Pérez,,Monterrey W,2026/2027,210,Mediapunta,0,0,0.02,0.02,1.29,0,67,1,,0.02,0.43,0.18,1.71,0.43,0.18,1.71,0,0,0,0.43,0.20,3.00,0.23,0,0,0,,0,0,3.00,3.43,0,0,1.29,1.67,27.85,10.71,0,9.85,46.97,12.42,6.00,6.00,6.00,93,9.36,9.36,2.14,50,0.43,100,1.29,0.43,19.71,29.14,7.28,6.85,3.43,46.79,9.85,50,3.86,56,0.43,0,0,44.98,77,6.00,23,70,2.14,7.71,16,78,1,51.47,6.43,0.56,0.78,41.13,92,3.73,13.28,0.86,0.86,0,0,1.29,2.14,0,50,0.43,100,0,14,77,9,13,81,6,23.21,20.95,0.99,100,-2.26,23.04,20.86,0,0,0,0,0,,0,0,,0,0,0,0,0,0,15,4,7.11,38,0.00,0.01,0.06,-0.03,,0.03,
Noemí Villalobos,,Atlas W,2026/2027,468,Mediapunta,0.19,0.19,0.11,0.04,2.89,7,47,3,0,0.30,0,0.08,0.96,0,0.08,0.96,0,0,0,0.19,0.19,3.85,0.00,4.43,2.89,1.54,65,1.92,0,4.23,4.81,0.19,0.07,0.38,0.15,24.06,10.01,0,6.16,49.91,9.62,3.85,1.73,1.92,100,1.35,1.42,0.77,,0,67,0.77,0,21.55,17.02,4.81,4.04,1.35,51.00,10.78,50,2.50,62,0.19,0,0,35.80,77,1.73,15,50,0.77,3.08,23,77,-1,52.51,3.46,0.22,0.37,41.95,81,6.41,6.35,0.19,0.19,0,0.19,2.89,3.08,0,0,0.19,33,0.19,16,64,20,18,58,24,17.87,16.12,0.95,104,-1.75,17.02,16.73,0,0,0,0,0,,0,0,,0,0,0,0,0,0,26,9,4.52,38,-0.08,0.08,0.02,-0.05,,-0.03,
Sandra Stephany Mayor Gutierrez,,Tigres UANL W,2026/2027,566,Mediapunta,0,0,0.18,0.13,1.43,0,56,2,,0.35,0.32,0.19,1.43,0.32,0.19,1.43,0,0,0,0.32,0.37,2.86,-0.06,1.75,0.79,0.95,45,1.91,0,1.11,2.38,0.48,0.74,0.16,0.26,14.62,5.72,0.01,5.24,59.14,6.83,4.93,1.11,1.59,88,1.57,2.30,0.79,50,0.16,25,0.16,0,12.71,17.53,5.09,4.61,1.91,59.39,9.38,74,3.65,79,0,0,0,38.61,86,1.91,12,52,0.48,3.34,11,69,-17,58.83,5.24,0.92,1.08,40.36,91,5.45,15.89,1.59,1.59,0,0.48,4.29,5.88,0.16,0,0,0,0.95,19,68,13,25,64,11,18.13,16.67,0.96,92,-1.46,17.35,15.37,0,0,0,0,0,,0,0,,0,0,0,0,0,0,14,5,5.85,32,0.06,0.04,0.05,0.21,,0.35,
Sanjuana Muñoz,,Atlas W,2026/2027,687,Mediapunta,0.13,0.13,0.04,0.06,0.65,20,60,1,,0.15,0,0.06,1.44,0,0.06,1.44,0,0,0,0.13,0.10,2.09,0.03,0.65,0.52,0.13,80,0.92,0,0.79,3.40,0,0,0.79,0.67,24.88,9.69,0.02,6.42,51.12,6.15,3.40,1.57,1.57,71,1.50,1.50,0.39,50,0.65,22,0.26,0.13,22.91,20.97,5.50,6.68,1.96,53.05,12.44,54,3.40,51,0.13,0,0,36.14,79,2.88,88,76,1.18,3.40,24,78,-1,53.47,5.37,0.26,0.37,34.17,91,3.84,9.16,0.52,0.52,0,0,1.18,1.70,0,50,0.26,100,0.39,23,65,12,29,60,11,17.84,15.87,1.00,102,-1.97,17.82,16.22,0,0,0,0,0,,0,0,,0,0,0,0,0,0,23,8,3.55,36,-0.04,0.04,0.01,-0.03,,-0.02,
Sashenka Tamara Porras Dreyfus,,Necaxa W,2026/2027,508,Mediapunta,0,0,0.03,0.03,1.06,0,17,2,,0.01,0,0.09,0.71,0,0.07,0.53,0,0.03,0.18,0,0.12,1.77,-0.12,1.06,0.35,0.71,33,2.84,0,3.54,3.19,0.35,0.07,1.24,0.47,12.94,6.91,0.01,3.90,44.86,8.86,2.66,1.24,1.60,70,0.44,0.51,0.89,0,0.53,59,3.01,0,10.99,4.09,2.84,2.30,1.42,49.66,4.96,45,1.42,62,0.18,0,0,20.74,58,0.35,5,20,1.24,1.77,23,50,-8,52.09,2.30,0.07,0.13,22.69,73,6.40,3.72,0.35,0.18,0.18,0,1.06,1.24,0,0,0,0,0.18,25,68,7,29,62,10,17.32,12.16,1.04,133,-5.15,17.93,16.17,0,0,0,0,0,,0,0,,0,0,0,0,0,0,41,9,3.46,52,0.04,0.04,0.05,-0.02,,0.11,
Xcaret Pineda,,América W,2026/2027,243,Mediapunta,0.37,0.37,0.10,0.04,2.59,14,29,3,,0.22,0,0.02,0.37,0,0.02,0.37,0,0,0,0.37,0.12,2.96,0.25,0.37,0,0.37,0,0.74,0,1.85,2.59,0,0,2.22,3.70,19.64,7.78,0.04,7.78,52.51,9.27,5.93,3.34,3.34,82,4.65,4.65,1.85,33,0.74,60,1.11,0,14.45,20.64,5.19,6.30,3.71,58.86,9.64,67,4.45,71,0.74,0,0,40.03,88,1.48,9,100,2.59,1.11,25,81,-7,60.54,3.71,0.31,0.36,39.66,92,3.82,17.79,0,0,0,0.37,3.71,3.71,0,,0,0,0.37,13,69,18,8,75,17,15.91,14.24,0.99,106,-1.67,15.80,15.11,0,0,0,0,0,,0,0,,0,0,0,0,0,0,8,3,4.00,17,-0.12,0.06,0.02,-0.05,,-0.09,
Y.Martínez,,Puebla W,2026/2027,564,Mediapunta,0.32,0.32,0.21,0.09,2.23,14,36,4,,0.05,0.48,0.27,2.71,0.32,0.14,1.28,0.16,0.13,1.44,0.80,0.48,4.95,0.32,1.12,0.80,0.32,71,0.96,0,1.75,2.07,0.32,0.21,0.80,0.54,17.23,7.50,0,4.47,49.68,8.77,4.47,1.44,1.75,69,0.95,1.17,0.64,20,0.64,0,0,0,15.16,7.20,4.31,3.35,0.96,51.23,7.50,49,2.23,67,0,0,0,25.05,55,1.91,16,26,1.44,6.70,18,47,-8,59.02,3.99,0.47,0.55,22.97,88,3.75,5.74,3.03,0.96,2.07,0,1.75,2.71,0,26,0.80,63,0,26,61,13,19,69,11,23.66,15.21,0.84,106,-8.45,19.93,16.08,0,0,0,0,0,,0,0,,0,0,0,0,0,0,38,6,6.11,47,0.21,0.02,0.00,-0.06,,0.16,
Abril Fragoso,,Pachuca W,2026/2027,50,Delantera,0,0,0.06,0.03,1.79,0,0,5,,0,0,0,0,0,0,0,0,0,0,0,0.06,1.79,-0.06,0,0,0,,0,0,1.79,3.59,0,0,1.79,2.02,8.97,1.79,0,1.79,42.50,7.18,3.59,1.79,1.79,50,2.02,2.02,0,0,1.79,0,0,0,7.18,8.08,1.79,1.79,0,50.35,3.59,50,1.79,100,0,0,0,16.15,78,3.59,14,100,1.79,3.59,22,100,22,56.12,7.18,0.38,0.44,17.95,80,6.62,7.18,0,0,0,0,0,0,0,,0,,0,44,44,11,100,0,0,24.35,30.89,1.12,100,6.54,27.23,30.89,0,0,0,0,0,,0,0,,0,0,0,0,0,0,22,0,4.31,34,0.06,0.06,-0.13,-0.02,,-0.03,
Acacia Elle Edwards,,Necaxa W,2026/2027,165,Delantera,0,0,0.17,0.16,1.09,0,0,3,,0,0,0,0,0,0,0,0,0,0,0,0.17,1.09,-0.17,1.64,1.09,0.55,67,2.19,0,1.64,2.19,0,0,0,0,15.85,4.92,0,5.47,60.06,9.84,6.01,1.64,1.64,75,0.66,0.66,2.19,67,0.55,0,0,0,12.02,5.25,4.37,3.83,0.55,63.69,8.74,73,3.28,86,0,0,0,22.41,53,0.55,22,50,0,1.09,5,0,-53,58.97,3.28,0.05,0.20,27.33,90,6.40,7.10,0,0,0,0,1.09,1.09,0,,0,0,0,21,74,5,23,69,8,18.07,17.44,0.99,,-0.63,17.83,,0,0,0,0,0,,0,0,,0,0,0,0,0,0,47,9,2.57,42,-0.01,0.14,0.01,-0.07,,0.07,
Adriana Iturbide Ibarra,,Guadalajara W,2026/2027,113,Delantera,0,0,0.75,0.19,3.99,0,60,6,,0.66,0,0.01,0.80,0,0.01,0.80,0,0,0,0,0.76,4.79,-0.76,0.80,0,0.80,0,3.19,0,2.40,2.40,0,0,0,0,11.98,1.60,0.08,3.99,70.58,6.39,5.59,0,0,,0,0,0.80,,0,30,2.40,0,11.18,15.02,3.99,0.80,0,76.13,11.18,100,0.80,100,0,0,0,15.97,91,0.80,17,50,0.80,0.80,45,80,-11,62.31,3.99,0.90,1.06,17.56,77,3.55,8.78,0,0,0,0,7.98,7.98,0,,0,0,0,5,82,14,0,91,9,15.14,14.49,0.93,80,-0.65,14.02,11.53,0,0,0,0,0,,0,0,,0,0,0,0,0,0,9,5,4.07,21,0.03,-0.01,0.03,0.06,,0.10,
Aerial Chavarin,,Monterrey W,2026/2027,375,Delantera,0.96,0.96,1.04,0.20,5.28,18,45,10,,1.00,0,0.03,0.72,0,0.03,0.72,0,0,0,0.96,1.07,6.00,-0.11,1.44,0.24,1.20,17,1.44,0.24,4.32,6.96,0.48,0.66,0.96,1.31,14.65,3.84,0.02,3.84,68.01,5.76,4.80,0,0.48,0,0,0.66,1.20,0,0.96,60,2.88,0,13.45,17.68,3.60,3.36,0.72,73.51,12.01,89,3.12,93,0,0,0,15.61,74,0.48,26,67,0.96,0.72,28,67,-7,63.76,2.16,0.94,1.60,24.73,63,5.13,7.20,0.48,0.48,0,0.24,11.53,12.01,0,0,0,,0.96,9,64,26,7,73,20,15.11,12.98,1.09,107,-2.13,16.45,13.83,0,0,0,0,0,,0,0,,0,0,0,0,0,0,29,8,3.46,11,-0.07,-0.06,0.07,0.20,,0.13,
Aisha Keshy Solórzano García,,Juárez W,2026/2027,803,Delantera,0.78,0.78,0.41,0.14,2.91,27,50,6,,0.62,0,0.20,1.79,0,0.20,1.79,0,0,0,0.78,0.62,4.71,0.17,2.13,1.46,0.67,68,0.78,0,3.70,5.27,0.11,0.11,0.22,0.18,19.39,6.50,0.01,5.49,67.25,4.82,3.70,0.78,0.90,58,1.08,1.19,0.67,17,0.56,56,1.01,0,17.93,21.82,5.27,4.26,1.12,68.42,15.24,85,3.70,87,0,0,0,17.71,74,0.45,29,50,0.22,0.90,21,67,-7,64.62,1.46,0.60,0.80,26.56,73,5.39,8.18,1.01,1.01,0,0.67,6.73,7.73,0,33,0.67,75,1.46,10,68,22,3,75,22,16.44,15.39,1.02,119,-1.04,16.74,18.35,0,0,0,0,0,,0,0,,0,0,0,0,0,0,21,3,3.54,25,0.02,0.02,0.03,0.23,,0.30,
Aitana Montoya,,Atlas W,2026/2027,553,Delantera,0.65,0.49,0.27,0.14,1.95,25,42,3,100,0.39,0,0.01,0.33,0,0.01,0.33,0,0,0,0.49,0.28,2.28,0.21,0.65,0.16,0.49,25,2.12,0,1.79,4.88,0.16,0.18,0.49,0.63,18.39,5.70,0.01,4.88,62.55,6.02,3.42,0.33,0.49,40,0.41,0.59,0.81,0,0.49,25,0.65,0.16,17.25,18.08,4.23,4.56,0.98,64.06,13.35,77,3.26,71,0.33,0,0,22.79,73,0.49,13,38,0.49,1.30,24,68,-6,56.42,1.14,0.20,0.46,23.44,77,2.60,5.53,0.16,0.16,0,0,4.07,4.23,0,0,0,0,0.16,12,62,26,9,68,24,14.13,10.28,0.94,110,-3.86,13.28,11.31,0,0,0,0,0,,0,0,,0,0,0,0,0,0,28,6,2.08,22,-0.04,-0.04,0.04,0.21,,0.18,
Alexia Nayeli Villanueva Flores,,Atlante W,2026/2027,463,Delantera,0.19,0.19,0.21,0.09,2.33,8,33,4,,0.03,0,0.04,0.97,0,0.04,0.97,0,0,0,0.19,0.24,3.30,-0.05,0.78,0.39,0.39,50,2.53,0,1.94,3.11,1.17,0.84,0.58,0.60,13.60,6.41,0.02,4.47,56.87,6.02,3.50,0.78,1.94,80,0.58,1.42,0.78,50,0.19,24,0.78,0,12.05,9.55,3.50,3.69,1.75,58.49,7.77,65,2.33,63,0,0,0,22.16,66,0.39,20,29,0.78,1.17,26,55,-11,57.31,1.94,0.25,0.36,23.90,83,4.16,5.25,0.19,0.19,0,0.39,4.47,4.66,0.19,100,0.19,50,0.78,20,63,17,22,63,15,15.48,12.60,1.00,105,-2.88,15.48,13.18,0,0,0,0,0,,0,0,,0,0,0,0,0,0,25,4,1.71,15,-0.09,-0.02,0.03,-0.24,,-0.33,
Alicia Cervantes Herrera,,Guadalajara W,2026/2027,696,Delantera,0.65,0.39,0.21,0.07,2.85,14,45,3,100,0.29,0.26,0.13,1.16,0.26,0.13,1.16,0,0,0,0.65,0.34,4.01,0.31,0.91,0.52,0.39,57,1.81,0,3.23,3.88,0.26,0.20,0.13,0.13,17.73,6.86,0.01,4.14,64.49,5.69,4.14,1.29,1.55,77,1.33,1.52,1.29,25,0.39,44,1.42,0,15.14,16.27,3.62,2.72,1.16,66.48,11.90,79,1.94,71,0.13,0,0,25.36,69,0.91,17,78,0.13,1.16,15,56,-13,61.85,2.07,0.30,0.49,27.95,79,4.02,8.67,0.78,0.78,0,0.26,5.31,6.08,0.26,17,0.13,25,0.52,14,63,23,19,57,24,14.38,12.97,1.03,96,-1.41,14.82,12.51,0,0,0,0,0,,0,0,,0,0,0,0,0,0,29,5,4.96,27,-0.01,-0.10,0.04,-0.08,,-0.15,
Alison Hecnary González Esquivel,,Tigres UANL W,2026/2027,105,Delantera,0.86,0.86,0.73,0.21,3.43,25,25,4,,0.81,0,0.16,1.72,0,0.16,1.72,0,0,0,0.86,0.89,5.15,-0.03,1.72,0,1.72,0,0.86,0,0.86,5.15,0.86,1.39,0,0,13.72,4.29,0,6.86,61.00,4.29,4.29,0.86,1.72,100,1.05,2.44,0,100,0,67,1.72,0,12.86,19.53,4.29,3.43,1.72,61.15,9.43,73,2.57,75,0,0,0,26.58,71,0,25,0,0,1.72,29,56,-15,62.02,4.29,0.35,1.16,24.87,86,5.28,9.43,0.86,0.86,0,0,5.15,6.00,0,0,0,0,0.86,10,77,13,9,55,36,17.47,16.18,0.86,102,-1.29,15.05,16.54,0,0,0,0,0,,0,0,,0,0,0,0,0,0,23,3,4.97,23,-0.18,0.05,0.01,0.25,,0.13,
Angelina Nicole Hix,,Pumas UNAM W,2026/2027,280,Delantera,0,0,0.27,0.09,2.90,0,22,5,,0.05,0.32,0.26,2.25,0.32,0.26,2.25,0,0,0,0.32,0.52,5.15,-0.20,0.97,0.64,0.32,67,0.64,0,1.61,3.86,0,0,0.32,0.29,16.41,5.79,0,4.83,57.05,6.76,4.18,2.90,2.90,90,4.21,4.21,1.29,0,0.32,100,1.29,0,12.23,15.89,4.18,3.54,1.29,55.87,7.08,58,2.90,82,0,0,0,26.71,65,2.25,43,58,0.64,3.54,24,62,-3,61.16,3.86,0.32,0.57,26.39,84,5.99,8.69,0.97,0.97,0,0.64,7.72,8.69,0,100,1.29,44,0.97,22,63,15,22,56,22,19.04,15.53,0.93,102,-3.51,17.72,15.89,0,0,0,0,0,,0,0,,0,0,0,0,0,0,29,5,5.57,29,0.02,-0.02,-0.09,-0.09,,-0.19,
Charlyn Corral,,Pachuca W,2026/2027,836,Delantera,0.43,0.32,0.41,0.10,4.09,8,42,7,100,0.40,0.22,0.09,1.72,0.22,0.07,1.29,0,0.03,0.43,0.54,0.51,5.82,0.03,1.72,0.97,0.75,56,1.40,0,2.91,3.55,0.11,0.10,0.22,0.31,11.63,3.99,0,3.66,70.52,3.66,2.58,0.11,0.22,50,0.07,0.16,0.75,0,0.11,40,0.43,0,10.77,12.71,3.23,2.15,0.54,72.27,10.02,93,2.05,95,0.22,0,0,21.97,68,1.94,19,40,0.97,4.09,21,67,-1,65.74,3.34,0.35,0.72,27.68,81,5.15,8.83,2.37,1.18,1.18,0,5.39,6.57,0,5,0.11,6,0.32,21,70,9,29,62,9,20.14,17.01,0.84,90,-3.12,16.90,15.25,0,0,0,0,0,,0,0,,0,0,0,0,0,0,29,6,5.31,30,-0.03,0.06,0.00,-0.04,,-0.01,
Chinwendu Ihezuo,,Pachuca W,2026/2027,423,Delantera,0.43,0.43,0.41,0.24,1.70,25,25,4,,0.31,0.21,0.34,1.70,0.21,0.34,1.70,0,0,0,0.64,0.75,3.40,-0.11,0.21,0.21,0,100,0.43,0.21,1.70,2.13,0.21,0.19,0.43,0.32,16.38,5.74,0,5.53,68.82,5.32,3.40,1.49,1.70,100,2.03,2.22,1.06,,0,21,0.85,0,14.25,18.23,5.11,6.38,2.55,70.60,12.12,85,5.32,83,0.21,0,0,17.44,82,0.21,64,50,0.43,0.43,25,82,0,66.14,1.28,0.57,0.97,17.44,84,3.74,9.15,0,0,0,1.06,7.23,7.23,0,,0,0,1.49,14,64,22,19,60,21,13.92,12.54,0.99,104,-1.39,13.81,13.03,0,0,0,0,0,,0,0,,0,0,0,0,0,0,26,13,3.34,15,-0.01,0.08,-0.02,-0.02,,0.03,
Christina Burkenroad,,Monterrey W,2026/2027,79,Delantera,0,0,0.40,0.35,1.14,0,0,3,,0,0,0,0,0,0,0,0,0,0,0,0.40,1.14,-0.40,2.29,1.14,1.14,50,3.43,0,1.14,5.71,0,0,1.14,1.48,19.43,9.14,0,4.57,71.22,2.29,1.14,0,0,,0,0,1.14,,0,,0,0,18.29,23.69,4.57,1.14,0,75.00,18.29,100,1.14,100,0,0,0,10.29,83,0,44,,1.14,0,25,100,17,56.85,1.14,0,0.40,20.57,67,3.53,3.43,1.14,0,1.14,1.14,4.57,4.57,0,0,1.14,50,0,0,67,33,0,67,33,19.41,11.51,0.95,100,-7.90,18.52,11.51,0,0,0,0,0,,0,0,,0,0,0,0,0,0,17,8,1.14,11,0.08,-0.11,0.07,0.18,,0.21,
Cynthia González,,Atlante W,2026/2027,171,Delantera,0,0,0.13,0.06,2.11,0,50,3,,0.28,0,0.00,0.53,0,0.00,0.53,0,0,0,0,0.13,2.63,-0.13,4.74,4.21,0.53,89,2.63,0,3.69,2.63,0.53,0.85,1.05,1.30,24.23,17.38,0.05,6.32,47.06,7.90,4.21,2.11,2.63,50,0.94,1.79,1.05,0,2.11,57,2.11,0,21.07,13.67,4.74,4.21,1.05,48.79,8.43,40,2.11,50,0,0,0,28.97,55,1.58,4,33,1.58,4.21,18,50,-5,46.52,2.63,0.43,0.43,36.34,84,5.41,4.21,0.53,0.53,0,0,2.63,3.16,0,0,0,0,0,38,53,9,38,50,13,19.95,19.01,0.89,110,-0.94,17.78,20.98,0,0,0,0,0,,0,0,,0,0,0,0,0,0,44,5,2.26,13,-0.09,0.05,0.02,-0.06,,-0.09,
Daniela Calderón,,Cruz Azul W,2026/2027,653,Delantera,0.55,0.55,0.52,0.25,2.07,27,53,3,,0.62,0.28,0.03,0.69,0.28,0.03,0.69,0,0,0,0.83,0.55,2.76,0.28,0.41,0.28,0.14,67,0.69,0.14,1.10,2.62,0.28,0.25,0.83,0.88,21.23,8.96,0.01,5.38,64.15,2.76,1.65,0.41,0.69,60,0.47,0.72,0.83,0,0.28,47,1.24,0,19.99,21.18,4.82,6.20,1.24,66.84,16.27,81,5.24,84,0.28,0,0,18.33,76,0.96,6,64,0.96,1.38,28,68,-8,58.12,0.83,0.24,0.62,17.51,85,3.53,5.10,0,0,0,0.55,5.65,5.65,0,,0.14,100,0.69,10,58,32,5,68,27,16.21,15.69,0.94,97,-0.53,15.19,15.21,0,0,0,0,0,,0,0,,0,0,0,0,0,0,26,8,2.81,19,-0.08,0.08,-0.03,0.11,,0.08,
Daniela Espinosa,,Toluca W,2026/2027,462,Delantera,0,0,0.22,0.10,2.14,0,36,6,,0.16,0.19,0.17,0.97,0.19,0.16,0.78,0,0.01,0.19,0.19,0.39,3.11,-0.20,0.39,0,0.39,0,1.75,0,2.14,2.92,0.58,0.47,0.19,0.09,17.32,5.64,0,3.89,67.13,4.28,2.92,0.78,1.36,67,0.77,1.24,0.78,33,0.39,29,0.78,0,15.77,17.88,3.31,5.45,0.58,69.34,12.65,80,4.48,82,0.19,0,0,16.35,60,0.78,23,44,0.97,0.97,25,39,-21,62.40,1.95,0.22,0.47,19.27,81,3.77,5.06,0.58,0.19,0.39,0.58,5.06,5.26,0.39,0,0,0,0.58,11,78,11,15,77,8,17.11,18.23,0.97,84,1.12,16.56,15.25,0,0,0,0,0,,0,0,,0,0,0,0,0,0,32,8,4.55,30,-0.08,-0.04,0.05,-0.07,,-0.14,
Dayana Milan Martin,,Juárez W,2026/2027,208,Delantera,0,0,0.66,0.17,3.89,0,56,6,,0.64,0,0.13,1.30,0,0.13,1.30,0,0,0,0,0.79,5.18,-0.79,3.45,0.86,2.59,25,1.73,0,3.02,8.64,0,0,0.43,0.47,23.31,12.09,0,4.32,61.52,4.32,4.32,1.30,1.30,50,1.82,1.82,1.73,0,1.30,80,1.73,0,20.29,23.24,3.02,5.18,0.43,62.13,15.54,77,4.75,92,0.43,0,0,21.16,65,0.86,7,40,0.43,2.16,12,50,-15,64.86,2.16,0.23,0.82,31.09,72,7.50,7.77,0.43,0.43,0,0.86,12.09,12.52,0,0,0.43,13,1.30,4,67,29,11,72,17,18.56,10.71,0.99,99,-7.85,18.29,10.59,0,0,0,0,0,,0,0,,0,0,0,0,0,0,29,6,2.85,14,-0.09,0.02,0.06,-0.02,,-0.02,
Diana Ordóñez,,Tigres UANL W,2026/2027,686,Delantera,0.79,0.66,0.89,0.22,4.07,16,32,7,100,0.64,0,0.04,0.52,0,0.04,0.52,0,0,0,0.66,0.92,4.59,-0.27,1.44,0.52,0.92,36,0.92,0.13,0.52,3.80,0.13,0.23,0.52,0.72,15.48,7.35,0.07,5.77,66.25,3.80,2.36,0.26,0.39,33,0.32,0.56,1.05,20,0.52,78,0.92,0,14.17,20.15,4.98,4.46,1.84,71.05,12.72,90,4.33,97,0,0,0,19.41,71,0.39,20,50,0.52,0.79,16,73,2,60.60,1.84,0.66,1.23,19.41,84,4.97,6.56,0.92,0.92,0,0.26,8.92,9.84,0,14,0.13,33,0.39,18,59,23,20,62,18,15.39,15.05,1.00,112,-0.33,15.39,16.87,0,0,0,0,0,,0,0,,0,0,0,0,0,0,27,8,4.38,21,-0.04,0.00,0.02,0.04,,0.01,
Emily Gielnik,,Pumas UNAM W,2026/2027,245,Delantera,0.37,0.37,0.61,0.15,4.04,9,36,8,,0.50,0,0.04,1.10,0,0.04,1.10,0,0,0,0.37,0.65,5.14,-0.28,0,0,0,,0,0,1.10,1.84,0,0,0,0,15.05,7.71,0,2.57,69.42,2.57,1.10,0.37,0.37,50,0.57,0.57,1.47,50,0.37,67,0.73,0,13.22,15.84,2.57,4.41,0.37,68.68,10.28,78,3.30,75,0,0,0,21.30,58,0.37,15,17,0,2.20,24,40,-18,62.58,1.10,0.50,0.93,20.19,89,4.05,6.98,1.10,1.10,0,0,6.61,7.71,0,0,0,0,0.73,16,65,19,11,63,26,19.28,11.91,0.82,90,-7.36,15.74,10.74,0,0,0,0,0,,0,0,,0,0,0,0,0,0,34,10,4.22,28,-0.16,0.09,0.00,-0.01,,-0.08,
Enekia Kasonga Lunyamila,,Querétaro W,2026/2027,437,Delantera,0.41,0.41,0.52,0.20,2.68,15,38,7,0,0.40,0,0.05,1.24,0,0.05,1.24,0,0,0,0.41,0.57,3.91,-0.16,1.24,0.41,0.82,33,0.41,0,1.03,3.91,0.41,0.53,0,0,13.79,4.73,0,3.50,66.94,3.91,3.29,0.21,0.62,20,0.30,0.83,0.41,0,0.82,25,0.41,0,13.18,11.67,2.88,2.06,0.21,68.15,11.32,86,2.06,100,0.41,0,0,16.47,64,0,27,0,0.21,0.21,29,64,0,63.57,0.62,0.30,0.78,19.56,84,4.78,5.35,0.21,0.21,0,0,4.94,5.15,0,0,0,0,0.82,7,71,22,12,54,35,12.57,10.65,0.99,88,-1.92,12.47,9.39,0,0,0,0,0,,0,0,,0,0,0,0,0,0,30,10,2.90,20,-0.07,0.02,-0.01,-0.04,,-0.11,
Enyerliannys Higuera,,Atlético San Luis W,2026/2027,838,Delantera,1.29,0.97,0.60,0.14,4.19,23,51,6,100,0.87,0.11,0.13,1.07,0.11,0.13,1.07,0,0,0,1.07,0.72,5.26,0.35,0.11,0.11,0,100,1.50,0.11,1.72,3.01,0.32,0.07,0.75,0.59,16.44,6.77,0,3.87,60.62,4.19,2.79,0.54,0.86,63,0.52,0.59,2.04,40,0.32,64,2.26,0,13.86,11.46,3.44,3.54,0.97,64.16,10.53,76,2.79,79,0.11,0,0,17.29,65,1.40,22,72,0.97,1.72,30,57,-9,58.18,1.29,0.46,0.97,17.51,82,5.09,4.08,0.21,0.21,0,0.75,9.24,9.45,0,100,0.43,80,0.86,13,67,20,5,84,11,17.51,15.73,1.02,108,-1.78,17.77,16.98,0,0,0,0,0,,0,0,,0,0,0,0,0,0,27,3,5.22,25,0.01,0.07,0.05,0.17,,0.30,
Eudimilla,,Pachuca W,2026/2027,229,Delantera,0,0,0.34,0.17,1.97,0,0,3,,0,0,0.14,0.79,0,0.05,0.39,0,0.09,0.39,0,0.48,2.75,-0.48,3.93,2.36,1.57,60,2.75,0,5.51,3.54,0,0,0,0,16.92,4.72,0,3.15,63.99,8.66,5.90,1.97,1.97,100,1.89,1.89,1.97,100,0,33,0.39,0,12.98,15.24,3.15,3.93,0.39,66.69,11.02,85,2.75,70,0.39,0,0,24.39,54,1.18,34,33,0.39,3.15,24,41,-12,56.31,2.75,1.04,1.08,38.56,77,6.08,5.11,1.57,1.18,0.39,0.39,3.93,5.11,0.39,0,0,0,0.39,20,69,11,31,54,15,17.74,13.72,0.99,140,-4.02,17.50,19.24,0,0,0,0,0,,0,0,,0,0,0,0,0,0,41,3,5.04,28,0.03,0.09,0.02,-0.14,,-0.01,
Eugénie Le Sommer,,Toluca W,2026/2027,770,Delantera,0.94,0.94,0.56,0.16,3.51,27,43,6,,0.61,0.12,0.15,1.17,0.12,0.15,1.17,0,0,0,1.05,0.71,4.68,0.34,1.05,0.82,0.23,78,2.10,0,2.45,2.81,0.35,0.39,0.70,0.72,12.27,5.73,0,3.86,64.76,5.03,3.62,0.58,0.94,83,0.64,1.03,1.17,100,0.12,50,1.05,0.12,10.52,11.93,3.27,2.45,0.70,69.29,8.77,83,1.99,81,0.12,0,0.12,19.52,76,1.52,22,81,0.94,1.64,23,65,-11,59.43,3.27,0.72,0.86,23.03,82,5.34,7.48,0.58,0.58,0,0.35,6.78,7.36,0.12,0,0.23,50,0.35,15,65,20,20,67,13,17.29,13.41,1.02,98,-3.89,17.60,13.14,0,0,0,0,0,,0,0,,0,0,0,0,0,0,23,3,3.35,22,0.01,0.06,-0.02,0.07,,0.12,
Geyse,,América W,2026/2027,686,Delantera,1.71,1.71,0.67,0.12,5.64,30,53,7,,1.30,0.39,0.33,1.84,0.39,0.33,1.71,0,0.00,0.13,2.10,1.00,7.48,1.10,6.04,3.02,3.02,50,2.10,0,6.17,7.22,0.13,0.23,0,0,13.78,5.64,0.02,3.81,73.60,6.82,6.04,1.18,1.31,100,1.80,2.03,1.18,,0,43,0.39,0,11.42,17.70,3.15,2.89,1.31,73.98,10.63,93,2.76,95,0.26,0,0,24.67,70,0.66,5,29,0.66,1.57,28,60,-11,68.17,4.46,1.01,1.46,43.57,71,6.57,11.42,1.05,0.92,0.13,1.57,12.99,13.91,0.26,25,0.66,23,2.10,12,72,16,11,71,17,16.68,13.54,0.90,102,-3.14,15.00,13.76,0,0,0,0,0,,0,0,,0,0,0,0,0,0,24,5,6.77,26,0.11,0.18,0.02,0.39,,0.69,
Guillermina Grant,,Querétaro W,2026/2027,436,Delantera,0,0,0.11,0.06,1.86,0,22,2,,0.02,0,0.03,0.83,0,0.03,0.62,0,0.00,0.21,0,0.14,2.68,-0.14,1.24,0.83,0.41,67,1.24,0,2.27,2.89,0,0,0.41,0.24,17.55,7.85,0,5.37,58.31,6.81,3.92,0.62,0.62,33,0.60,0.60,1.03,0,1.24,11,0.21,0,15.90,13.32,4.96,4.54,2.07,59.91,11.15,70,3.51,77,0.21,0,0,22.72,80,1.03,10,83,0.41,1.24,17,81,1,58.07,2.48,0.33,0.43,26.23,83,5.62,7.23,0.62,0.62,0,0.41,2.68,3.30,0.41,0,0.21,33,0.62,9,71,20,9,74,17,14.88,12.69,0.99,93,-2.19,14.69,11.82,0,0,0,0,0,,0,0,,0,0,0,0,0,0,19,6,3.61,27,0.03,0.04,-0.01,-0.11,,-0.05,
Jheniffer Cordinali,,Tigres UANL W,2026/2027,176,Delantera,0,0,0.19,0.12,1.53,0,33,3,,0.07,0,0.11,1.53,0,0.11,1.53,0,0,0,0,0.31,3.06,-0.31,1.02,0.51,0.51,50,1.02,0,3.06,4.08,0,0,1.02,1.61,12.76,1.53,0,4.59,70.21,4.08,3.06,0,0,,0,0,0.51,,0,60,1.53,0,12.24,18.02,4.59,4.08,1.53,71.33,10.20,83,3.06,75,0,0,0,28.57,68,1.02,18,50,1.02,2.04,19,64,-4,63.32,3.06,0.58,0.70,33.16,82,4.05,10.71,0,0,0,1.02,9.69,9.69,0,,0,0,1.53,14,69,17,14,76,10,16.38,16.53,0.92,90,0.15,15.09,14.93,0,0,0,0,0,,0,0,,0,0,0,0,0,0,22,5,7.55,36,-0.28,-0.18,0.01,-0.15,,-0.61,
Kader Hançar,,Tijuana W,2026/2027,774,Delantera,0.58,0.47,0.49,0.15,3.26,14,43,5,50,0.47,0.35,0.10,1.28,0.35,0.10,1.28,0,0,0,0.81,0.59,4.54,0.22,1.16,0.58,0.58,50,3.14,0,2.09,3.96,0.35,0.20,1.16,0.46,20.24,9.54,0.01,5.12,61.11,5.70,3.96,1.40,1.75,71,0.88,1.09,1.28,0,0.58,34,1.40,0,17.57,13.33,4.07,3.96,1.16,64.55,13.73,78,3.02,76,0.47,0,0,22.34,70,1.40,16,52,1.40,2.44,24,65,-5,56.90,1.40,0.29,0.62,25.48,82,4.73,5.82,0.70,0.70,0,0.12,6.17,6.86,0.12,50,0.35,60,0.47,15,70,15,20,62,18,18.76,16.40,0.95,92,-2.36,17.91,15.13,0,0,0,0,0,,0,0,,0,0,0,0,0,0,26,5,3.00,23,0.01,0.03,0.03,-0.08,,0.00,
Karla Georgina López Domínguez,,Atlas W,2026/2027,58,Delantera,0,0,0,,0,,,0,,0,0,0.11,1.54,0,0.11,1.54,0,0,0,0,0.11,1.54,-0.11,0,0,0,,0,0,1.54,3.09,0,0,1.54,1.92,32.44,15.45,0,12.36,51.52,10.81,7.72,3.09,3.09,67,3.23,3.23,0,50,1.54,,0,0,29.35,35.63,10.81,12.36,7.72,52.45,16.99,58,9.27,75,1.54,0,0,35.53,83,0,33,,1.54,0,39,89,6,57.44,1.54,0.35,0.35,27.80,89,4.67,9.27,1.54,1.54,0,0,1.54,3.09,0,0,0,,0,4,78,17,0,67,33,13.47,15.26,0.92,96,1.79,12.41,14.63,0,0,0,0,0,,0,0,,0,0,0,0,0,0,30,17,5.25,39,-0.09,0.02,-0.09,,,-0.16,
Kendyl Terrell,,Puebla W,2026/2027,514,Delantera,0,0,0.38,0.09,4.20,0,42,8,,0.18,0,0.03,0.53,0,0.03,0.53,0,0,0,0,0.41,4.73,-0.41,2.45,1.40,1.05,57,0.88,0,2.45,4.73,0.18,0.02,0.88,0.29,11.73,2.63,0,2.63,57.65,6.48,4.55,0.53,0.70,75,0.17,0.19,1.05,0,0.18,77,5.25,0,10.15,3.13,1.93,2.45,0.53,64.36,7.88,78,2.28,93,0.35,0,0.18,13.30,59,0.88,22,42,1.75,1.23,34,47,-12,55.01,1.93,0.51,0.60,15.75,68,6.73,3.33,0.70,0.70,0,0.35,6.83,7.53,0,50,0.53,100,0.35,13,66,21,21,79,0,20.82,21.00,0.94,83,0.18,19.61,17.33,0,0,0,0,0,,0,0,,0,0,0,0,0,0,30,3,1.68,17,0.06,0.09,-0.16,-0.24,,-0.24,
Luciana Nicolé García,,León W,2026/2027,17,Delantera,0,0,0,,0,,,0,,0,0,0,0,0,0,0,0,0,0,0,0,0,0,0,0,0,,0,0,0,5.45,0,0,0,0,5.45,0,,0,43.87,0,0,0,0,,0,0,0,,0,,0,0,5.45,3.99,0,0,0,34.72,0,0,0,,0,0,0,0,,0,,,0,0,,,,,0,0,0,5.45,0,0,0,0,0,0,0,0,0,0,,0,,0,,,,,,,,,,,,,,0,0,0,0,0,,0,0,,0,0,0,0,0,0,,,,,,-0.10,-0.02,,,-0.12,
Marcia Paola García Ramírez,,Pachuca W,2026/2027,178,Delantera,0.51,0.51,0.46,0.23,2.03,25,50,4,,0.63,0,0.06,0.51,0,0.06,0.51,0,0,0,0.51,0.52,2.53,-0.01,0,0,0,,0,0,2.03,1.52,0.51,0.63,1.52,0.93,18.75,8.62,0.05,6.08,54.88,7.10,4.05,1.52,2.03,100,1.19,1.82,1.52,,0,38,1.52,0,15.71,18.92,4.05,2.53,1.01,63.16,12.16,77,1.52,60,0,0,0,22.30,69,0.51,12,100,2.03,0,42,58,-11,62.12,1.52,0.47,0.50,17.74,83,5.81,7.10,1.01,1.01,0,0.51,5.07,6.08,0,0,0,0,0.51,16,69,16,21,64,14,15.31,16.38,1.01,106,1.07,15.40,17.33,0,0,0,0,0,,0,0,,0,0,0,0,0,0,18,7,2.23,17,0.02,0.00,-0.13,0.36,,0.24,
Melana Surovtseva,,Tijuana W,2026/2027,95,Delantera,0,0,0,,0,,,0,,0,0,0,0,0,0,0,0,0,0,0,0,0,0,0,0,0,,0,0,6.65,3.80,0,0,0,0,21.86,8.55,0,9.51,54.82,3.80,2.85,2.85,2.85,100,1.82,1.82,0.95,100,0,0,0,0,18.06,9.96,8.55,2.85,1.90,55.12,10.46,58,1.90,67,0,0,0,21.86,84,1.90,20,67,0,2.85,16,75,-9,53.32,4.75,0.77,0.77,30.42,66,3.98,6.65,0,0,0,0,0.95,0.95,0,,0,0,0,4,64,32,14,71,14,18.15,15.85,0.86,61,-2.30,15.68,9.63,0,0,0,0,0,,0,0,,0,0,0,0,0,0,8,0,3.23,31,-0.05,-0.12,0.01,,,-0.15,
Nayely Nahomi Bolaños Vera,,León W,2026/2027,832,Delantera,0.43,0.43,0.35,0.12,3.03,14,29,5,,0.32,0.11,0.10,1.30,0.11,0.07,1.19,0,0.03,0.11,0.54,0.45,4.33,0.09,0.32,0.11,0.22,33,1.51,0.11,2.38,2.92,0.11,0.05,1.41,1.11,16.34,5.84,0.01,4.11,62.50,4.44,3.57,0.76,0.87,64,0.68,0.74,1.84,20,0.43,36,0.97,0,13.85,13.23,3.79,3.25,0.97,69.32,11.90,86,3.03,93,0.11,0,0,17.42,72,0.97,17,64,1.73,1.19,22,60,-12,61.85,1.19,0.25,0.51,21.75,80,5.14,6.06,0.32,0.22,0.11,0.54,6.49,6.71,0.22,33,0.22,40,0.76,12,64,23,9,77,14,16.62,15.68,0.96,100,-0.94,15.89,15.75,0,0,0,0,0,,0,0,,0,0,0,0,0,0,25,8,3.05,17,-0.05,0.01,0.07,0.00,,0.03,
Paulina Suárez,,Puebla W,2026/2027,91,Delantera,0,0,0.09,0.05,1.97,0,50,2,,0.04,0,0.01,0.99,0,0.01,0.99,0,0,0,0,0.10,2.96,-0.10,0,0,0,,0.99,0,0,4.93,0.99,0.24,0,0,19.72,12.81,0,2.96,56.91,12.81,3.94,0,0.99,0,0,0.24,0.99,0,1.97,50,0.99,0,18.73,5.54,2.96,4.93,0.99,55.54,11.83,63,2.96,60,0,0,0,23.66,72,0.99,6,50,0,1.97,24,50,-22,51.56,1.97,0.19,0.20,21.69,82,3.38,4.93,0,0,0,0,2.96,2.96,0,,0,,0,24,52,24,20,80,0,16.34,11.83,1.05,117,-4.51,17.19,13.88,0,0,0,0,0,,0,0,,0,0,0,0,0,0,28,8,3.35,35,-0.08,-0.22,0.00,-0.11,,-0.40,
R.Padilla,,Atlético San Luis W,2026/2027,767,Delantera,0.47,0.47,0.55,0.11,5.16,9,48,6,,0.58,0,0.23,1.41,0,0.23,1.29,0,0.01,0.12,0.47,0.79,6.57,-0.32,1.17,0.59,0.59,50,2.00,0,2.35,3.64,0.59,0.37,1.53,1.15,16.67,6.46,0.02,4.23,58.61,5.63,3.40,1.29,1.88,61,1.30,1.67,1.53,33,0.82,57,2.70,0,13.85,11.91,2.82,3.40,0.94,64.44,10.92,79,2.70,79,0.12,0,0,25.47,64,0.94,28,50,1.88,1.53,26,54,-9,55.80,1.41,0.63,1.05,25.59,82,4.38,5.40,0.82,0.70,0.12,0.59,10.33,11.03,0.12,29,0.47,57,0.59,21,63,16,13,70,17,15.61,14.17,1.03,102,-1.44,16.10,14.52,0,0,0,0,0,,0,0,,0,0,0,0,0,0,32,8,6.43,31,0.02,0.03,0.01,0.04,,0.10,
Ricshya Walker,,Atlante W,2026/2027,705,Delantera,0.26,0.26,0.28,0.17,1.66,15,31,3,,0.12,0,0.01,0.26,0,0.01,0.26,0,0,0,0.26,0.29,1.91,-0.04,1.79,1.02,0.77,57,2.81,0,3.96,4.98,0,0,0.51,0.33,20.29,6.76,0,3.83,62.43,4.47,3.45,1.15,1.15,75,0.63,0.63,1.79,25,0.38,44,2.17,0,17.36,9.99,3.70,4.21,1.28,63.76,13.40,77,3.19,76,0.13,0,0,15.44,55,0.13,16,50,0.51,0.26,37,50,-5,58.29,0.64,0.32,0.37,21.06,65,4.31,2.42,0.26,0.26,0,0,4.08,4.34,0,50,0.13,50,0.26,20,58,22,5,74,21,12.30,11.00,0.96,101,-1.30,11.82,11.06,0,0,0,0,0,,0,0,,0,0,0,0,0,0,38,9,1.06,11,-0.10,-0.06,0.01,-0.18,,-0.33,
S. Stephens,,Atlas W,2026/2027,313,Delantera,0,0,0.19,0.09,2.01,0,29,4,,0.15,0,0.10,0.86,0,0.10,0.86,0,0,0,0,0.29,2.88,-0.29,0.58,0.29,0.29,50,1.15,0,3.74,1.73,0.29,0.32,0.29,0.43,20.42,6.33,0,3.74,60.29,5.75,3.16,1.15,1.44,100,1.38,1.70,2.01,,0,38,0.86,0,17.26,17.97,3.45,4.89,0.86,61.78,14.09,82,4.89,100,0,0,0,27.03,60,0.29,16,13,0.58,2.01,15,50,-10,55.06,4.31,0.26,0.51,29.05,83,5.93,6.33,0.58,0.58,0,0.29,2.01,2.59,0,0,0.29,9,0.29,24,65,11,27,59,14,16.96,13.75,0.92,85,-3.22,15.59,11.67,0,0,0,0,0,,0,0,,0,0,0,0,0,0,42,6,4.06,31,-0.01,0.09,0.02,0.03,,0.13,
Samano,,Puebla W,2026/2027,98,Delantera,0,0,0.01,0.01,0.92,0,100,2,,0.00,0,0.09,1.84,0,0.01,0.92,0,0.08,0.92,0,0.09,2.76,-0.09,0.92,0,0.92,0,0.92,0,0,2.76,0.92,0.13,0,0,15.62,5.51,0,1.84,50.51,5.51,3.68,0,0.92,,0,0.13,3.68,,0,33,0.92,0,11.95,3.56,1.84,2.76,0,49.48,7.35,62,0.92,33,0,0,0,26.65,89,1.84,13,67,0.92,1.84,14,80,-9,54.65,2.76,0,0.02,21.14,96,3.66,6.43,0.92,0,0.92,0,0.92,0.92,0.92,0,0,,0,3,47,50,14,71,14,15.87,17.87,1.00,69,2.00,15.82,12.41,0,0,0,0,0,,0,0,,0,0,0,0,0,0,11,3,2.76,37,0.09,0.05,-0.01,-0.02,,0.11,
Samantha Calvillo,,Santos Laguna W,2026/2027,406,Delantera,0.22,0.22,0.25,0.14,1.78,13,63,3,,0.36,0,0.07,0.89,0,0.07,0.89,0,0,0,0.22,0.32,2.66,-0.09,1.11,0.44,0.67,40,0.67,0,2.00,3.55,0.89,0.50,1.55,0.51,16.42,6.66,0.01,3.77,55.64,6.44,3.77,0.44,1.33,33,0.13,0.63,1.11,33,0.89,36,0.89,0,14.87,8.11,2.89,5.77,1.78,60.87,11.10,75,4.88,85,0,0,0,18.64,68,1.11,24,71,1.55,1.55,25,65,-3,56.76,1.78,0.15,0.48,17.53,78,5.17,5.33,0.89,0.67,0.22,0.22,3.99,4.66,0.22,0,0,0,0.22,29,59,12,25,58,17,17.10,13.07,0.99,85,-4.03,16.86,11.15,0,0,0,0,0,,0,0,,0,0,0,0,0,0,34,11,2.75,21,0.03,0.05,0.16,0.15,,0.39,
Sandra Nabweteme,,Santos Laguna W,2026/2027,628,Delantera,0,0,0.30,0.18,1.72,0,50,3,,0.21,0.43,0.16,2.15,0.14,0.08,1.00,0.29,0.08,1.15,0.43,0.47,3.87,-0.04,1.72,1.29,0.43,75,1.15,0,2.72,3.15,0.57,0.37,0,0,10.45,3.44,0,3.01,64.68,7.02,4.73,0.14,0.72,25,0.06,0.43,0.72,0,0.43,29,0.57,0,9.60,4.84,2.58,3.58,1.43,65.95,6.87,72,2.58,72,0,0,0,21.05,61,1.72,13,39,0.14,4.30,26,69,7,61.91,2.58,0.39,0.42,25.49,82,4.83,6.01,1.86,0.86,1.00,0.57,3.01,3.87,0.14,0,0.14,13,0.72,25,62,13,29,57,14,19.72,12.85,0.90,100,-6.87,17.81,12.88,0,0,0,0,0,,0,0,,0,0,0,0,0,0,29,7,4.85,40,-0.02,0.10,0.01,0.04,,0.12,
Sara Treviño,,Monterrey W,2026/2027,161,Delantera,0,0,0.05,0.08,0.56,0,100,2,,0.03,0.56,0.46,0.56,0.56,0.46,0.56,0,0,0,0.56,0.51,1.12,0.05,1.68,1.12,0.56,67,0.56,0,3.36,4.48,0.56,0.73,0.56,0.85,27.99,13.44,0,10.08,69.58,1.68,1.12,2.24,2.80,80,3.43,4.15,2.24,50,0.56,,0,0,23.51,36.71,8.96,7.28,2.80,71.04,19.59,83,7.28,100,0,0,0,11.20,76,0.56,0,50,0.56,1.12,19,50,-26,65.26,0.56,0.07,0.54,17.35,71,7.11,4.48,0,0,0,0.56,2.80,2.80,0,,0.56,33,1.12,10,76,14,0,100,0,16.56,9.76,0.95,122,-6.80,15.76,11.89,0,0,0,0,0,,0,0,,0,0,0,0,0,0,14,0,0.56,3,0.06,-0.21,0.01,0.01,,-0.12,
Stephanie Mariana Ribeiro,,Pumas UNAM W,2026/2027,674,Delantera,0.80,0.80,0.80,0.19,4.14,19,55,9,0,1.02,0.27,0.22,1.60,0.27,0.22,1.60,0,0,0,1.07,1.02,5.74,0.04,0.67,0.40,0.27,60,0.93,0,1.87,2.67,0.27,0.22,0.40,0.66,18.03,5.74,0,5.21,68.14,2.80,1.87,0.53,0.80,50,0.60,0.82,1.47,25,0.53,38,0.67,0,16.03,20.78,4.94,3.87,0.80,69.17,12.82,80,3.34,86,0.27,0,0,17.63,78,0.93,12,88,0.53,0.93,28,73,-5,61.00,1.34,0.55,1.41,21.24,83,4.37,6.68,0.80,0.80,0,0.40,11.09,11.89,0.13,0,0.27,40,1.60,15,68,17,12,84,4,16.71,15.52,1.04,104,-1.19,17.39,16.20,0,0,0,0,0,,0,0,,0,0,0,0,0,0,23,8,5.05,25,-0.01,-0.01,0.00,0.15,,0.13,
Trinidad Lizeth Quiroz Tinoco,,Necaxa W,2026/2027,857,Delantera,0.11,0.11,0.12,0.07,1.79,6,41,5,0,0.09,0.11,0.02,0.63,0.11,0.02,0.63,0,0,0,0.21,0.14,2.42,0.07,2.31,1.58,0.74,68,1.37,0.11,4.52,5.78,0.11,0.01,0.42,0.20,12.81,3.26,0,1.89,59.86,4.10,2.63,0.53,0.63,50,0.16,0.17,0.74,29,0.53,33,0.63,0,11.55,4.63,1.68,4.10,0.95,60.68,7.56,65,2.84,69,0,0,0,10.40,69,1.16,23,69,0.63,1.47,23,50,-19,58.60,1.89,0.09,0.16,20.69,60,7.29,3.89,0.42,0.42,0,0,2.31,2.73,0,0,0,0,0.21,15,64,22,11,76,14,18.87,17.20,1.02,99,-1.66,19.16,17.05,0,0,0,0,0,,0,0,,0,0,0,0,0,0,29,5,1.84,22,-0.02,0.03,0.01,-0.04,,-0.02,
Trudi Carter,,Tijuana W,2026/2027,705,Delantera,0.51,0.51,0.14,0.06,2.17,24,65,5,,0.41,0.26,0.10,1.02,0.26,0.08,0.89,0,0.02,0.13,0.77,0.24,3.19,0.53,1.66,1.15,0.51,69,1.28,0,3.45,2.81,0.51,0.26,0.13,0.10,19.65,10.08,0,5.23,56.71,8.42,5.23,1.28,1.79,77,0.86,1.12,0.51,25,0.38,33,0.51,0,17.86,13.38,4.59,4.21,0.89,57.72,11.23,63,2.68,64,0,0,0,17.23,63,0.26,28,20,0.77,0.64,25,54,-9,60.98,1.66,0.28,0.39,23.10,76,6.75,4.98,0.77,0.51,0.26,0.26,3.45,3.96,0.26,0,0,0,0.38,20,63,18,10,77,13,16.50,17.22,0.92,73,0.72,15.21,12.62,0,0,0,0,0,,0,0,,0,0,0,0,0,0,32,7,2.46,18,-0.03,0.03,0.04,0.10,,0.14,
Uchenna Kanu,,Cruz Azul W,2026/2027,278,Delantera,0.65,0.65,0.85,0.17,4.86,13,47,6,,0.68,0,0.20,1.62,0,0.20,1.62,0,0,0,0.65,1.05,6.48,-0.41,1.94,1.94,0,100,2.27,0,4.86,5.83,0.32,0.15,0.97,0.91,19.44,7.45,0,5.51,58.71,5.51,3.56,0.97,1.30,60,0.48,0.63,2.27,0,0.65,60,0.97,0,16.20,16.68,4.21,3.24,0.97,63.08,11.99,74,2.59,80,0,0,0,24.30,74,1.30,40,100,0.97,1.30,10,75,1,58.64,1.94,0.72,1.12,30.78,74,4.89,7.45,0.65,0.65,0,0.97,11.34,11.99,0,50,0.97,60,1.30,9,70,21,17,83,0,16.15,10.45,1.07,110,-5.69,17.23,11.46,0,0,0,0,0,,0,0,,0,0,0,0,0,0,21,1,4.24,24,-0.04,-0.03,0.09,-0.02,,0.00,
Vivian Ikechukwu,,Santos Laguna W,2026/2027,493,Delantera,0,0,0.19,0.09,2.19,0,58,4,,0.20,0.36,0.20,1.82,0.36,0.20,1.82,0,0,0,0.36,0.38,4.01,-0.02,1.46,1.28,0.18,88,1.28,0,3.65,3.65,0.55,0.29,0.91,0.56,20.80,9.49,0.03,5.66,59.95,5.84,5.29,1.28,1.82,64,0.86,1.15,1.46,40,0.73,50,1.46,0,18.06,10.84,5.11,3.28,1.46,60.68,12.95,72,2.74,83,0,0,0,20.62,62,0.73,10,31,1.28,2.01,30,60,-2,66.31,4.38,0.32,0.53,27.37,77,7.60,8.21,1.09,1.09,0,0.36,4.20,5.29,0.18,17,0.36,17,0.73,11,75,14,9,78,13,16.95,14.07,0.91,98,-2.88,15.44,13.83,0,0,0,0,0,,0,0,,0,0,0,0,0,0,29,7,4.05,32,0.00,0.14,-0.05,0.06,,0.15,